segment_id,T1024 Choice,T1024 Integration,T1024 Node Count,T1024 Total Depth,Angular Connectivity,Connectivity,Segment Length,local_nain,local_nach,integrated,citywide_nain,citywide_nach,citywide_match_distance_m,citywide_matched,blended_nain,blended_nach
0,786,148.73174,424,1208.7266,2.0315647,3,115.95228,1.1743375390445978,0.9392133271134269,991.9660558312388,1.0305207,0.62891454,0.0,True,1.1311924873312185,0.8461236909793988
1,0,109.68848,424,1638.9688,1.0184579,1,6.9334931,0.8664404197690004,0.0,76.03026065190595,,,,False,0.8664404197690004,0.0
2,0,110.4641,424,1627.4609,2.0131621,2,25.069328,0.8725595661116097,0.0,76.56787946809186,,,,False,0.8725595661116097,0.0
3,0,225.81046,424,796.13672,1.9918623,3,25.355322,1.7814011813663115,0.0,156.5198836899443,,,,False,1.7814011813663115,0.0
4,0,110.57025,424,1625.8984,2.0153739,2,24.984043,0.8733970718933276,0.0,76.64145704130829,,,,False,0.8733970718933276,0.0
5,3890,149.33499,424,1203.8438,3.0394971,5,113.66196,1.1790927613508755,1.164979797082315,1234.5043426643015,1.0318562,0.9199633,0.0,True,1.1349217929456128,1.0914748479576206
6,1568,149.53247,424,1202.2539,3.0269213,5,90.169212,1.1806494426962895,1.0371767212147345,1100.384160541451,1.0326639,0.91939408,0.0,True,1.1362537798874026,1.0018419288503142
7,0,45.901798,424,3916.5352,3.0399311,3,10.293026,0.3628400979784061,0.0,31.816701866332135,,,,False,0.3628400979784061,0.0
8,0,46.269596,424,3885.4023,1.4390686,3,46.242912,0.365745962515851,0.0,32.07164001304772,,,,False,0.365745962515851,0.0
9,0,44.794701,424,4013.332,3.0399313,3,20.497383,0.35409318479762897,0.0,31.049320702175763,,,,False,0.35409318479762897,0.0
10,0,110.46516,424,1627.4453,2.0033817,2,21.534622,0.8725679198312658,0.0,76.56861420410324,,,,False,0.8725679198312658,0.0
11,2346,148.73366,424,1208.7109,2.0191231,4,111.57587,1.1743527673698428,1.093116094807766,1154.3694082105962,1.0305207,0.85918868,0.0,True,1.1312031471588901,1.0229378703654362
12,2277,159.53444,424,1126.8789,3.6309936,6,15.377521,1.2594811506352304,1.099744068000153,1233.4392512501738,1.0712055,0.94787097,0.0,True,1.202998455444661,1.054182138600107
13,15203,227.38916,424,790.60938,3.7792957,5,42.538452,1.7938239589087792,1.4422499878464778,2189.616538590482,1.1431942,1.2197206,0.0,True,1.5986350312361455,1.3754911714925346
14,2514,203.13223,424,885.01953,4.3546128,5,38.828545,1.6028978481452747,1.1533414799045945,1590.6118175969714,1.0793345,0.88943428,0.0,True,1.4458288437016922,1.074169319933216
15,1209,132.80045,424,1353.7305,2.5624566,3,32.707058,1.0487347565757599,0.9841314222817781,942.7771861846353,0.99140692,0.905738,0.0,True,1.031536405603032,0.9606133955972447
16,882,126.45116,424,1421.7031,0.9723205,3,38.110657,0.9986644658565631,0.9341211718668996,857.9024655407227,0.97386026,0.86883682,0.0,True,0.9912232040995942,0.9145358663068297
17,0,103.88509,424,1730.5273,1.9180031,2,67.557251,0.820651828054792,0.0,72.00765723571617,0.90602672,0.0,0.0,True,0.8462642956383544,0.0
18,5753,179.36403,424,1002.2969,2.823705,5,195.49886,1.4157184950982453,1.2523655003706742,1552.9022612745516,1.1103243,1.1145512,0.0,True,1.3241002365687717,1.211021210259472
19,18710,230.22264,424,780.87891,2.3051255,5,37.941082,1.8161195527668934,1.4760640940737741,2264.6817628381555,1.1432309,1.2211254,0.0,True,1.6142529569368254,1.399582485851642
20,580,127.867,424,1405.9609,1.9635695,3,41.721973,1.0098303837129519,0.8778230689559406,814.0614767400758,0.98171598,0.79706508,0.0,True,1.0013960625990663,0.8535956722691584
21,888,138.61578,424,1296.9375,2.6129436,4,70.982056,1.0945882276089751,0.9470055170730068,941.3704602085311,1.012409,0.85010141,0.0,True,1.0699344593262825,0.9179342849511047
22,0,148.92039,424,1207.1953,1.0273385,2,151.27251,1.1758246958947267,0.0,103.22374845638747,1.0321629,0.91062331,12.637160898926343,True,1.1327261571263088,0.27318699300000004
23,7680,226.2356,424,794.64062,4.0381637,6,452.26807,1.7847466727215504,1.3389647946167096,2024.0473844679402,1.1432297,1.2197908,0.0,True,1.5922915809050853,1.3032125962316967
24,8940,182.63031,424,984.37109,2.2338905,4,74.109016,1.4414470479866082,1.3195565032279115,1661.6645340467874,1.0795724,0.94651383,0.0,True,1.3328846535906258,1.207643701259538
25,8217,167.96651,424,1070.3086,0.4783358,2,112.13708,1.3259258537139709,1.2916931234976907,1514.08435710681,1.0533923,0.93277681,0.0,True,1.2441657875997796,1.1840182294483834
26,7490,153.1378,424,1173.9492,0.72042507,2,38.410812,1.2090672759502137,1.2617536623978145,1366.2328279738479,1.0236038,0.91651618,0.0,True,1.1534282331651498,1.15818241767847
27,6759,132.32544,424,1358.5898,1.1282156,2,54.536472,1.0449892362119966,1.2220453504339794,1166.9682748017522,0.9747386,0.89560306,0.0,True,1.0239140453483975,1.1241126633037855
28,6024,110.30656,424,1629.7852,1.5832514,2,61.60334,0.8713167002003898,1.1764831984604178,960.0905079638354,0.91116381,0.86819661,0.0,True,0.8832708331402728,1.0839972219222924
29,5285,89.7658,424,2002.7227,1.3484284,2,51.760372,0.7092261168588718,1.127444502023773,769.5627649959802,0.83655292,0.82963437,0.0,True,0.7474241578012103,1.0381014624166411
30,4542,82.447296,424,2180.4961,1.0046624,2,22.79335,0.6514566948824482,1.0952907433344092,694.3350941788163,0.80544698,0.76720417,0.0,True,0.6976537804177138,0.9968647713340864
31,3795,74.427078,424,2415.4648,1.8128603,2,119.13002,0.588137496727908,1.0578643805809218,613.425488051764,0.77057761,0.47894493,0.0,True,0.6428695307095357,0.8841885454066453
32,3044,61.36264,424,2929.7305,2.8043852,2,44.634182,0.4849701211962808,1.0047054688610793,492.22560395597367,0.82037908,0.68279463,0.0,True,0.5855928088373966,0.9081322172027555
33,2289,50.220539,424,3579.7305,4.1236382,4,128.6301,0.39695942949918567,0.945310369362273,388.5434378376594,0.95101172,0.81189406,0.0,True,0.56317511664943,0.9052854765535912
34,3152,173.75565,424,1034.6484,3.1983013,5,659.35089,1.371537057212294,1.160035050702068,1399.849669668355,1.1097581,1.1166162,0.0,True,1.2930033700486059,1.1470093954914478
35,5943,181.11812,424,992.58984,1.9533885,4,43.146923,1.4295357128319681,1.258831727888694,1573.9718503737777,1.101567,1.0888004,0.0,True,1.3311450989823777,1.2078223295220858
36,4320,181.06966,424,992.85547,2.0808806,4,332.86777,1.4291540216387744,1.2125904665819316,1515.8198670556885,1.1015664,1.0822477,0.0,True,1.3308777351471421,1.1734876366073521
37,781,128.90489,424,1394.6406,2.9301491,3,57.096539,1.0180154406937856,0.9198228794244422,858.9103872320978,0.98834205,0.86898696,0.0,True,1.0091134234856498,0.9045721035971095
38,0,100.51117,424,1788.6172,0.9334563,1,285.41357,0.7940288387154066,0.0,69.66903410028137,0.89939892,0.0,0.0,True,0.8256398631007846,0.0
39,8887,193.15013,424,930.75781,2.0188363,4,289.1521,1.5242988915845508,1.3294587958917008,1756.231045904158,1.1057196,1.0813468,0.0,True,1.3987251041091855,1.2550251971241906
40,90,136.56372,424,1316.4258,3.9847112,4,113.77171,1.0784085808240653,0.627820416357971,617.5122691353235,0.99442124,0.3681027,0.0,True,1.0532123785768457,0.5499051014505797
41,8212,192.69725,424,932.94531,2.005954,4,86.269714,1.5207324756779979,1.3174593859382047,1736.8950258662703,1.1047568,1.0728037,0.0,True,1.3959397729745986,1.2440626801567434
42,22768,236.98953,424,758.58203,4.0758739,6,129.16789,1.8693600950575087,1.512065351589189,2377.7631531015,1.1439202,1.2198554,0.0,True,1.651728126540256,1.4244023661124323
43,5644,183.72905,424,978.48438,4.3373337,6,316.29398,1.4501013222666872,1.2539472480341802,1587.1806235498138,1.1022466,1.0848529,0.0,True,1.345744905586681,1.2032189436239262
44,6358,181.8222,424,988.74609,3.0295742,5,33.967316,1.4350818138478174,1.269319247839537,1592.3594915187223,1.1024588,1.0897858,0.0,True,1.3352949096934723,1.2154592134876758
45,8399,192.60693,424,933.38281,2.00596,4,103.877,1.5200211942101365,1.3206598640610583,1740.4166407000253,1.1062617,1.1033008,0.0,True,1.3958933459470955,1.2554521448427407
46,24786,237.68718,424,756.35547,4.0868998,6,113.24548,1.874848606155413,1.5255364275227183,2404.946207974708,1.144001,1.2188318,0.0,True,1.6555943243087892,1.433525039265903
47,8991,192.74083,424,932.73438,1.7042835,4,97.348732,1.5210756406540145,1.3307483151481854,1754.7514067772374,1.1060834,1.0995919,0.0,True,1.3965779684578101,1.2614013906037298
48,1045,137.65802,424,1305.9609,2.9931934,4,39.567886,1.0870368494194536,0.968752877567521,957.2304001737006,0.98968363,0.8652184,0.0,True,1.0578308835936174,0.9376925342972648
49,55,136.59898,424,1316.0859,4.0114279,4,113.36111,1.078686674290221,0.5602676378804864,552.2766792739064,0.9944886,0.30028537,0.0,True,1.0534272520031547,0.4822729575163405
50,277,117.22232,424,1533.6328,2.9883904,4,13.933725,0.9258734873987017,0.7669829063501202,660.1037094764342,0.9221769,0.77646369,0.0,True,0.9247645111790912,0.7698271414450841
51,8530,192.4861,424,933.96875,3.3759184,5,126.54422,1.5190696226768607,1.3228006633046803,1742.3031558721075,1.106081,1.0902227,0.0,True,1.3951730358738026,1.2530272743132762
52,595,141.44148,424,1271.0273,2.7319794,4,22.515469,1.1168666185712066,0.8937476703563548,904.0822165555776,1.0342643,0.87517577,0.0,True,1.0920859229998445,0.8881761002494484
53,315,129.42218,424,1389.0664,0.59581828,2,72.475868,1.0220947726865037,0.7951518680392625,745.3296219810646,0.99280947,0.83839864,0.0,True,1.0133091818805526,0.8081258996274838
54,284,128.37096,424,1400.4414,0.40590954,2,79.492912,1.0138047093445994,0.7800105868271561,726.0650985070828,0.97551477,0.79728395,0.0,True,1.0023177275412196,0.7851925957790091
55,438,131.69838,424,1365.0586,0.59391892,2,172.31718,1.0400444398651476,0.8425944834656297,801.6183709592931,0.97175074,0.77512348,0.0,True,1.0195563299056034,0.8223531824259407
56,637,141.90245,424,1266.8984,0.6568312,2,131.27296,1.1205008185839251,0.9036821684869837,916.6762688420853,0.98185873,0.79055029,0.0,True,1.0789081920087475,0.8697426049408886
57,894,151.36891,424,1187.668,0.53023309,2,160.34811,1.1951247708603014,0.9596956817493937,1028.996830556965,0.99714702,0.82628858,0.0,True,1.135731445602211,0.9196735512245756
58,1222,166.85515,424,1077.4375,2.9539051,4,115.5594,1.317169077320209,1.0177435436174518,1186.3200042928434,1.0268173,0.8619386,0.0,True,1.2300635441241463,0.9710020605322163
59,2993,167.91687,424,1070.625,2.5908625,4,619.0235,1.325534735718292,1.146955077242382,1344.1240871020123,1.0928411,0.9644711,0.0,True,1.2557266450028044,1.0922098840696675
60,2911,164.97705,424,1089.7031,2.8018725,4,100.76781,1.3023703018703832,1.1400983678560186,1316.0118241538344,1.0812824,0.95213938,0.0,True,1.2360439313092684,1.083710671499213
61,4364,179.12109,424,1003.6562,3.1324949,5,537.85193,1.4138049324409605,1.2121639314706891,1501.321782393889,1.1103218,1.1150986,0.0,True,1.3227599927086722,1.1830443320294823
62,0,230.7247,424,779.17969,0.75318009,2,164.83549,1.8200699712249724,0.0,159.92617529053922,,,,False,1.8200699712249724,0.0
63,1307,230.42204,424,780.20312,3.1995957,5,10.453679,1.8176886022901992,1.076967173984335,1653.7433051592418,1.2387701,1.3979732,0.0,True,1.6440130516031395,1.1732689817890345
64,41,155.6739,424,1154.8242,3.9498546,4,25.388962,1.2290559757479425,0.5298428995620474,585.5206906904681,1.0953256,0.96153182,0.0,True,1.1889368630235597,0.6593495756934333
65,3772,171.4736,424,1048.418,3.8640332,5,23.520128,1.3535580082403702,1.1836375383900635,1412.2378319815725,1.0989077,0.94854993,0.0,True,1.2771629157682591,1.1131112558730445
66,3755,170.35271,424,1055.3164,1.9193556,5,64.718735,1.3447267969170185,1.1818776808816103,1402.237216392609,1.099118,1.0000751,0.0,True,1.271044157841913,1.1273369066171273
67,6910,232.33675,424,773.77344,3.0131521,5,50.414028,1.8327537688063062,1.3284255528500304,2054.0925316013186,1.2389406,1.3975245,0.0,True,1.6546098181644144,1.3491552369950213
68,792,166.26382,424,1081.2695,2.2807217,4,89.985153,1.3125096717851217,0.9552362732500261,1110.157402725771,1.1031297,1.0654736,0.0,True,1.249695680249585,0.9883074712750183
69,0,152.75658,424,1176.8789,0.22618498,1,65.06662,1.2060625530746485,0.0,105.88279273897973,,,,False,1.2060625530746485,0.0
70,270,136.00839,424,1321.8008,4.482007,6,59.889065,1.0740299415892731,0.7792607137971219,762.4361136955919,0.99483442,0.71349621,0.0,True,1.0502712851124911,0.7595313626579854
71,3416,178.76833,424,1005.6367,3.9812365,5,80.472359,1.4110261127843329,1.1764171119616778,1454.6040896251334,1.1105283,1.1166875,0.0,True,1.320876768949033,1.1584982283731744
72,0,6.9137282,6,5.2070312,1.0371463,2,17.225191,1.1913108530224668,0.0,4.792231208987785,0.84611714,0.0,8.910977914953683,True,1.0877527391157267,0.0
73,0,4.1720238,6,8.6289062,1.8917326,2,8.6829271,0.8077796835418054,0.0,2.891826534198989,0.78912574,0.0,4.900609802689735,True,0.8021835004792637,0.0
74,12,7.3142858,6,4.921875,1.8867301,3,14.579405,1.2403885488587316,1.2393287374933646,19.302819551390805,0.93890047,0.89774036,0.0,True,1.1499421252011122,1.1368522242453551
75,12,7.3142858,6,4.921875,2.0540986,3,15.705002,1.2403885488587316,1.2393287374933646,19.302819551390805,0.85428691,0.84855151,0.0,True,1.1245580572011122,1.1220955692453551
76,0,4.1776972,6,8.6171875,1.9718604,2,6.3657918,0.8086712687923739,0.0,2.8957590354131777,0.84897709,0.76836824,5.61973430576913,True,0.8207630151546618,0.23051047200000005
77,0,6.8878922,6,5.2265625,1.1243868,2,6.0882406,1.1880910857176608,0.0,4.774323058430839,0.94148946,0.94247586,6.291904554534721,True,1.1141105980023625,0.28274275800000004
78,768,185.49744,424,969.15625,1.5285758,3,50.372795,1.4640298056052596,0.9659241210317727,1232.8884257445359,1.0963702,1.0159568,0.0,True,1.3537319239236818,0.9809339247222408
79,0,166.52069,424,1079.6016,0.26262638,1,54.989906,1.3145336470469655,0.0,115.42334677839668,1.0821928,1.0128171,3.0214003131104255,True,1.244831392932876,0.30384513
80,10351,232.44118,424,773.42578,2.067224,4,141.91602,1.8335754788805616,1.389233707111339,2148.9260569762173,1.2391343,1.3960224,0.0,True,1.655243125216393,1.3912703149779373
81,300,135.95053,424,1322.3633,3.9844341,5,138.6869,1.0735737662768465,0.793818261897449,776.3355795384326,0.99560857,0.72427857,0.0,True,1.0501842073937926,0.7729563543282143
82,5060,183.17474,424,981.44531,3.0297589,4,66.116318,1.4457353972228848,1.237554035756025,1562.3920480125164,1.1034808,1.0924995,0.0,True,1.3430590180560193,1.1940376750292176
83,15682,233.87398,424,768.6875,3.1329427,5,103.93062,1.8448485227797689,1.4529919281832022,2259.3153458887427,1.2394776,1.3954341,0.0,True,1.6632372459458382,1.4357245797282414
84,4906,197.77168,424,909.00781,3.1796992,5,118.44779,1.5606910064797723,1.246897924564858,1680.7867122237915,1.1085432,1.0250276,0.0,True,1.4250466645358406,1.1803368271954007
85,20006,232.57861,424,772.96875,2.903131,5,113.89497,1.834656811516378,1.4883784825173734,2303.432381963826,1.2395362,1.3948562,0.0,True,1.6561206280614647,1.4603217977621614
86,20749,232.65033,424,772.73047,2.1634271,4,52.514801,1.8352210877930657,1.4939273596640872,2312.625642037968,1.2397149,1.3948503,0.0,True,1.6565692314551461,1.464204241764861
87,1040,154.78384,424,1161.4648,3.024569,5,100.04822,1.222041007084901,0.9841247131715186,1075.576995834988,1.093944,1.0108223,0.0,True,1.1836119049594307,0.992133989220063
88,2275,155.82097,424,1153.7344,2.9974103,4,42.146564,1.230214914343497,1.0959569657364754,1204.5917824696958,1.0967085,1.028354,0.0,True,1.190162990040448,1.0756760760155328
89,0,114.81094,424,1565.8438,1.9743341,2,37.167633,0.906851623803234,0.0,79.58087935843704,0.98378456,0.0,0.0,True,0.9299315046622638,0.0
90,3159,138.19704,424,1300.8672,4.1449699,5,169.34973,1.091286737358829,1.123410890216916,1113.6807074428102,1.0591388,0.81054854,0.0,True,1.0816423561511803,1.0295521851518412
91,0,154.75107,424,1161.7109,2.0052857,3,92.473068,1.2217825715131077,0.0,107.26526785913474,1.093945,0.97309399,4.749318809141607,True,1.1834313000591754,0.29192819700000006
92,3009,138.18417,424,1300.9883,3.0128169,5,118.46103,1.0911853129455062,1.116616656023523,1106.8590057003996,1.0589504,0.93435514,0.0,True,1.0815148390618545,1.061938201216466
93,0,104.33729,424,1723.0273,2.002022,2,40.137218,0.8242198230137187,0.0,72.32109839076537,0.95120966,0.0,0.0,True,0.8623167741096031,0.0
94,2867,138.18501,424,1300.9805,1.9971974,4,59.698635,1.0911918450812066,1.1098806618858876,1100.1901942035731,1.0589504,0.95583296,0.0,True,1.0815194115568447,1.0636663513201214
95,5221,183.48146,424,979.80469,2.7302046,5,432.15424,1.4481512569468709,1.2423985273012863,1570.7530786812456,1.10298,1.0896389,0.0,True,1.3445998798628096,1.1965706391109003
96,8563,192.62386,424,933.30078,3.0252633,5,482.93726,1.5201545067671525,1.3235028257023411,1744.293693296374,1.1062618,1.1078413,0.0,True,1.3959866947370068,1.2588043679916388
97,829,137.86874,424,1303.9648,4.2780585,5,102.29575,1.0886983293116577,0.9367236519231235,926.8404993031792,0.9943974,0.67729092,0.0,True,1.0604080505181603,0.8588938323461863
98,653,158.27583,424,1135.8398,3.2169065,4,569.72833,1.2495622809993403,0.9211883419725897,1026.361024167415,1.0951692,0.92195553,0.0,True,1.203244356699538,0.9214184983808128
99,3012,170.75658,424,1052.8203,2.5290439,5,113.82711,1.347908924297184,1.1506186760361181,1367.9349545299199,1.0947684,1.0045705,0.0,True,1.2719667670080288,1.1068042232252826
100,1994,158.72453,424,1132.6289,3.7659965,5,52.77401,1.2530984323595433,1.08009411678006,1206.1319035336996,1.0318904,0.95939648,0.0,True,1.1867360226516803,1.043884825746042
101,667,160.83066,424,1117.7969,3.9637151,5,207.15233,1.2696960456845638,0.9262998935865603,1046.3295442079027,1.0932838,0.85887617,0.0,True,1.2167723719791947,0.9060727765105923
102,274,127.19168,424,1413.4258,3.2995372,4,75.243935,1.0045045779862378,0.7740979534669987,714.8682283840187,0.94639045,0.46938068,0.0,True,0.9870703395903665,0.682682771426899
103,734,131.40358,424,1368.1211,1.1228104,3,100.91949,1.03771972849687,0.9136812461204634,867.4252700047995,0.95926303,0.82026178,0.0,True,1.014182718947809,0.8856554062843244
104,505,146.08698,424,1230.6094,2.1586175,4,45.094711,1.1534892528807852,0.8747962121613382,909.9043624114053,1.0252273,0.80046505,0.0,True,1.1150106670165496,0.8524968635129366
105,1817,179.09111,424,1003.8242,3.0067019,4,175.86429,1.4135687885614932,1.0854626023154066,1344.2654254576285,1.0508355,0.93931377,0.0,True,1.3047488019930453,1.0416179526207845
106,22735,232.80568,424,772.21484,1.858767,4,56.178787,1.8364433519510335,1.5078150381599664,2335.4481085347447,1.2397277,1.3944598,0.0,True,1.6574286563657235,1.4738084667119764
107,23909,231.85451,424,775.38281,2.2133617,4,64.703499,1.8289595262594411,1.514454143411516,2337.578937036114,1.2397789,1.3942672,0.0,True,1.6522053383816087,1.4783980603880613
108,2997,169.27188,424,1062.0547,3.4967213,4,254.51756,1.336211095068546,1.1484653118867576,1355.196456781101,1.094749,1.0165167,0.0,True,1.2637724665479821,1.1088807283207303
109,0,151.86589,424,1183.7812,2.0260057,2,66.264717,1.1990421975823475,0.0,105.26541347672679,1.0957898,0.0,0.0,True,1.1680664783076433,0.0
110,24480,232.94943,424,771.73828,1.9091625,4,29.6724,1.8375744520483501,1.5190701540684248,2354.1155248871737,1.2401626,1.3943187,0.0,True,1.6583508964338451,1.4816447178478973
111,253,148.57712,424,1209.9844,2.6066039,4,130.12448,1.1731188090373383,0.779814079638044,823.3049787006289,1.033456,0.47381192,0.0,True,1.1312199663261366,0.6880134317466309
112,447,154.82239,424,1161.1758,3.9224038,4,152.01881,1.222344632599675,0.8647299277015614,945.5038792649576,1.0939771,0.87253964,0.0,True,1.1838343728197724,0.867072841391093
113,25034,233.37823,424,770.32031,2.167722,4,74.6819,1.8409482147372676,1.5228532747039716,2363.6710657962262,1.2403635,1.3943486,0.0,True,1.6607728003160873,1.48430187229278
114,0,142.48985,424,1261.6758,2.0156677,3,39.622696,1.1251316958826252,0.0,98.76643778590952,0.99336874,0.0,0.0,True,1.0856028091178378,0.0
115,315,141.65045,424,1269.1523,2.9843454,4,67.238976,1.1185140410789747,0.8051717166705651,815.751027775515,1.0043936,0.57832253,0.0,True,1.0842779087552823,0.7371169606693956
116,0,104.39172,424,1722.1289,1.9993351,2,59.994751,0.824649303134953,0.0,72.35882639180326,,,,False,0.824649303134953,0.0
117,2900,138.1846,424,1300.9844,1.9913146,4,42.705139,1.0911885790035805,1.1114751099941007,1101.7672943083041,1.0589494,0.97672814,0.0,True,1.0815168253025063,1.0710510189958704
118,3227,155.8938,424,1153.1953,4.0149894,5,124.77599,1.2307890240722352,1.145575509154431,1259.6106439090363,1.0949798,0.59352744,0.0,True,1.1900462568505648,0.9799610884081017
119,1560,137.68849,424,1305.6719,2.0093219,4,85.6064,1.087277088312315,1.0245673028976672,1012.5229235520063,1.0589468,0.9850595,0.0,True,1.0787780018186206,1.012714962028367
120,0,104.1557,424,1726.0312,1.9979502,2,92.374077,0.8227870514721222,0.0,72.1952297942475,0.9508239,0.0,0.0,True,0.8611981060304856,0.0
121,0,137.68767,424,1305.6797,1.0040941,2,20.713629,1.0872706029617445,0.0,95.43782025836816,,,,False,1.0872706029617445,0.0
122,0,150.78421,424,1192.2734,0.92366195,2,117.92385,1.1905160877733967,0.0,104.51565003445872,,,,False,1.1905160877733967,0.0
123,3176,156.08836,424,1151.7578,4.0119886,5,46.590244,1.2323224994880493,1.14351922147696,1258.6976818362684,1.0964683,0.90643054,0.0,True,1.1915662396416344,1.072392617033872
124,1190,141.92302,424,1266.7148,2.9464722,4,84.523613,1.1206629700385249,0.9910447643190727,1005.2957951662818,0.98871517,0.67627531,0.0,True,1.0810786300269675,0.8966139280233508
125,1908,201.84224,424,890.67578,2.9617043,4,44.985703,1.592741427240059,1.1116929301803,1524.8895667699371,1.099996,0.88112777,0.0,True,1.4449177990680413,1.0425233821262099
126,0,117.0771,424,1535.5352,3.8749094,4,153.66534,0.924727899497737,0.0,81.15166177313478,0.94215608,0.0,0.0,True,0.9299563536484159,0.0
127,28395,233.57841,424,769.66016,2.921711,5,81.242874,1.8425231333697893,1.5419926835450153,2395.12207542417,1.2403654,1.3943784,0.0,True,1.6618758133588525,1.4977083984815107
128,1599,145.90866,424,1232.1133,2.7892075,4,107.89148,1.1520836019673664,1.0363595876510105,1076.5700805291751,1.0163167,0.92313033,0.0,True,1.1113535313771565,1.0023908103557073
129,12377,200.67523,424,895.85547,2.7243071,5,46.601299,1.5835529697222128,1.3856060265228347,1891.1145567885023,1.0985571,1.1502388,0.0,True,1.438054208805549,1.3149958585659842
130,1218,139.30176,424,1290.5508,3.2709229,4,95.525856,1.0999967629124001,0.9917154315638519,989.9627426122157,0.98288161,0.88544303,0.0,True,1.0648622170386801,0.9598337110946963
131,11614,199.33583,424,901.875,2.2917964,4,194.40448,1.573006993112801,1.374901881305043,1865.811024067919,1.0957139,1.1424955,0.0,True,1.4298190651789606,1.3051799669135302
132,31299,232.06494,424,774.67969,3.0867167,5,85.876236,1.830615264189325,1.5551207832832525,2402.1982556385246,1.2403482,1.3935215,0.0,True,1.6535351449325275,1.506640998298277
133,11230,199.23401,424,902.33594,1.9742265,4,44.093533,1.5722052314981896,1.3698610171773367,1858.1604025696204,1.095515,1.1370027,0.0,True,1.4291981620487326,1.3000035220241357
134,0,149.63116,424,1201.4609,1.9041722,3,35.78648,1.1814274114762124,0.0,103.71641667791405,,,,False,1.1814274114762124,0.0
135,0,149.79724,424,1200.1289,1.9482875,3,23.113743,1.182736473517801,0.0,103.83153456166146,,,,False,1.182736473517801,0.0
136,0,184.73128,424,973.17578,1.9979901,3,15.212453,1.4579952917819934,0.0,128.0459658932298,,,,False,1.4579952917819934,0.0
137,1272,147.67322,424,1217.3906,4.0539393,6,56.849327,1.1659936495326708,1.0059386219372572,1055.8512419238407,1.1122299,1.1326604,0.0,True,1.1498645246728696,1.04395515535608
138,0,136.11057,424,1320.8086,2.0020099,3,68.112488,1.0748355400016547,0.0,94.34465783990707,,,,False,1.0748355400016547,0.0
139,0,173.87643,424,1033.9297,0.99431938,2,23.943012,1.3724885925172656,0.0,120.52195722032869,,,,False,1.3724885925172656,0.0
140,0,178.82321,424,1005.3281,1.9947093,3,66.05381,1.4114583876890092,0.0,123.95080383017901,,,,False,1.4114583876890092,0.0
141,0,117.03393,424,1536.1016,2.005692,2,83.19532,0.9243873720044457,0.0,81.12173860934999,,,,False,0.9243873720044457,0.0
142,781,136.22578,424,1319.6914,2.6255307,3,42.566948,1.0757440775508058,0.926876562806143,907.6904487548499,1.0185431,0.87090659,0.0,True,1.058583784285564,0.9100855709643001
143,0,113.53499,424,1583.4414,0.62553608,1,17.52422,0.89678602810538,0.0,78.69645821340158,0.95348966,0.0,0.0,True,0.913797117673766,0.0
144,9964,193.40013,424,929.55469,2.9428267,5,21.658836,1.5262675516129203,1.3464363040719727,1780.6223444494124,1.106203,1.0892171,0.0,True,1.4002481861290443,1.2692705428503808
145,489,137.64073,424,1306.125,2.7829857,4,73.121811,1.0869004842043635,0.8630774391771496,852.8830931538511,0.98968345,0.7625885,0.0,True,1.0577353739430544,0.8329307574240048
146,572,117.56339,424,1529.1836,1.7968402,3,22.155241,0.9285638220653832,0.865898113853911,746.8366472449818,0.92271769,0.82500869,0.0,True,0.9268099824457683,0.8536312866977377
147,1045,132.64619,424,1355.3047,3.041528,4,62.227051,1.0475184355434952,0.9637837152286814,922.3797170351332,0.96666932,0.87978214,0.0,True,1.0232637008804466,0.938583242660077
148,9,95.362396,424,1885.1875,2.9698424,3,56.519886,0.7533971562973117,0.3052461012929884,228.66903857112626,0.85057199,0.16978954,0.0,True,0.7825496064081182,0.26460913290509186
149,570,112.12076,424,1603.4141,4.5683975,4,44.222839,0.8856292565885855,0.8598748078681627,711.8702890591364,0.91203523,0.83247691,0.0,True,0.8935510486120098,0.851655438507714
150,0,103.99378,424,1728.7188,3.6255193,3,18.003839,0.8215093612548918,0.0,72.08299540277123,0.88566202,0.0,0.0,True,0.8407551588784243,0.0
151,703,154.3271,424,1164.9023,1.7255574,3,20.147217,1.2184410776290637,0.9283323375664541,1012.1076481343894,1.0675231,0.87251925,0.0,True,1.1731656843403446,0.9115884112965178
152,710,142.51103,424,1261.4883,1.7342913,3,34.772568,1.1252986639447575,0.9193900447177521,936.0235482755695,0.99586153,0.84108835,0.0,True,1.0864675237613302,0.8958995363024265
153,31531,242.28444,424,742.00391,4.0662265,6,153.8943,1.911013741715192,1.5663311883199265,2509.7736089068076,1.1450902,1.2206584,0.0,True,1.6812366792006344,1.4626293518239486
154,3589,135.34682,424,1328.2617,3.6628206,5,65.194855,1.068813524361284,1.1378984261443794,1107.9742422470388,0.9733628,0.97797894,0.0,True,1.0401783070528987,1.0899225803010655
155,0,122.93033,424,1462.4219,1.9999884,2,46.216991,0.9708962259440623,0.0,85.20881164480366,0.94267482,0.0,0.0,True,0.9624298041608437,0.0
156,0,119.94781,424,1498.7852,2.0002971,2,26.952034,0.9473718796666125,0.0,83.14148631584001,0.98695582,0.0,0.0,True,0.9592470617666288,0.0
157,1923,173.79895,424,1034.3906,1.8809388,4,123.854,1.371878224194462,1.0889482396604842,1314.3860598649544,1.1097586,1.1146826,0.0,True,1.2932423369361232,1.0966685477623388
158,3889,180.89955,424,993.78906,2.0009902,4,132.39169,1.4278141355558105,1.1972072617262546,1495.391924573243,1.1013465,1.0813401,0.0,True,1.3298738448890672,1.1624471132083782
159,1083,161.49263,424,1113.2148,4.0061712,5,125.87219,1.2749128651268196,0.9958269203026702,1128.7261340539812,1.0248474,0.89404881,0.0,True,1.1998932255887738,0.965293487211869
160,2034,180.82634,424,994.19141,2.0377831,4,140.58673,1.4272374582108,1.1033040225678883,1377.6692995570384,1.1013459,1.0695313,0.0,True,1.32946999074756,1.0931722057975217
161,1132,179.82236,424,999.74219,3.0269847,5,82.723221,1.419328955187395,1.017673201077678,1264.7817350799166,1.1004699,1.0673659,0.0,True,1.3236712386311766,1.0325810107543747
162,1736,174.04936,424,1032.9023,3.9931734,5,112.40818,1.3738511315510973,1.0744468615781464,1298.4935630151044,1.0363047,0.90568393,0.0,True,1.2725872020857683,1.0238179821047024
163,1063,161.22673,424,1115.0508,3.0768762,5,56.920986,1.2728174008736515,0.9929407314215968,1123.868016211725,1.0248693,0.8945455,0.0,True,1.198432970611556,0.9634221619951178
164,5726,190.1967,424,945.21094,3.0590279,5,91.821007,1.5010401969173128,1.2623604822700019,1645.795193681781,1.0999678,1.0508574,0.0,True,1.380718477842119,1.1989095575890012
165,132,134.88705,424,1332.7891,3.8960376,4,111.69063,1.0651882727389916,0.6794720837443983,660.6551619879685,0.99089056,0.38124374,0.0,True,1.0428989589172941,0.5900035806210788
166,1173,170.93036,424,1051.75,3.2807546,4,71.457314,1.3492780032264133,1.0153874501852038,1208.3107191534555,1.0466048,0.84585565,0.0,True,1.2584760422584893,0.9645279101296427
167,5790,171.68918,424,1047.1016,1.6874822,4,28.094376,1.3552564364593793,1.2454370970464028,1487.5550477787087,1.0466125,1.0148851,0.0,True,1.2626632555215656,1.176271497932482
168,807,141.07599,424,1274.3203,2.0589685,4,64.204437,1.113985020766208,0.935972550805374,944.6164610649545,0.99106783,0.60518354,0.0,True,1.0771098635363456,0.8367358475637618
169,7104,171.69557,424,1047.0625,2.9904587,5,102.72586,1.3553069487278717,1.2748393914716796,1522.7156048210927,1.0466125,1.0324384,0.0,True,1.2626986141095102,1.2021190940301758
170,377,141.25308,424,1272.7227,2.97895,4,33.557384,1.1153811694887312,0.829907940184036,838.6952765794044,0.99022603,0.57336384,0.0,True,1.0778346276421118,0.7529447101288251
171,7045,172.10587,424,1044.5664,3.9943182,6,192.06219,1.3585394064818372,1.274076595085122,1524.919497036775,1.0469505,1.0938672,0.0,True,1.265062734537286,1.2200137765595853
172,2635,180.69501,424,994.91406,2.3277059,4,77.765022,1.426202872391862,1.1406599409853286,1423.406363362079,1.053231,0.94839746,0.0,True,1.3143113106743034,1.08298119668973
173,35656,242.53596,424,741.23438,4.0044479,6,95.459061,1.9129923670912976,1.585168847656798,2542.1961580820316,1.1451721,1.2149655,0.0,True,1.6826462869639083,1.4741078433597585
174,3476,181.57544,424,990.08984,2.6954775,5,123.44003,1.433138047154916,1.1815876653723543,1480.6047579326366,1.053545,0.96753991,0.0,True,1.3192601330084412,1.117373338760648
175,372,143.19299,424,1255.4805,2.8515501,4,56.835625,1.130674945575564,0.8296245764458147,848.3119011566212,0.97505718,0.77929765,0.0,True,1.0839896159028948,0.8145264985120703
176,0,132.84798,424,1353.2461,1.9795583,2,60.184731,1.0491096014958707,0.0,92.08320278008401,0.98791528,0.0,0.0,True,1.0307513050471095,0.0
177,4679,189.17877,424,950.29688,3.0328174,5,82.049309,1.4930235788442707,1.231945202455025,1598.8003038146865,1.097599,1.0422522,0.0,True,1.3743962051909895,1.1750373017185176
178,4028,186.77798,424,962.51172,2.0540946,4,55.81036,1.474115520234252,1.2078693854107685,1550.5414456360863,1.0950128,1.029771,0.0,True,1.3603847041639763,1.154439869787538
179,1318,161.25612,424,1114.8477,3.1174314,5,58.723206,1.273048864137727,1.0235738640814669,1158.6876308308777,1.0248622,0.90988344,0.0,True,1.198592864896409,0.9894667368570269
180,2960,181.07678,424,992.81641,2.0359125,4,20.277966,1.4292101352648907,1.1578488424751767,1447.4589692070247,1.0903133,1.0175503,0.0,True,1.3275410846854234,1.1157592797326237
181,1528,176.84969,424,1016.5469,2.9496608,5,60.113804,1.3959118582559458,1.0585028105362624,1296.8428468571149,1.0870689,1.0044739,0.0,True,1.303258970779162,1.0422941373753836
182,2662,174.21275,424,1031.9336,2.367619,4,54.586689,1.3751383027883346,1.136142817181381,1374.1177050116244,1.0361874,0.91496974,0.0,True,1.273453031951834,1.0697908940269667
183,2727,187.81921,424,957.17578,2.3601513,4,113.54632,1.4823160942406541,1.1520591163088776,1485.9674633639288,1.0561953,0.930197,0.0,True,1.3544798559684579,1.0855004814162144
184,0,129.6212,424,1386.9336,1.9358182,2,60.735115,1.0236642672477885,0.0,89.84656932079677,0.98283696,0.0,0.0,True,1.011416075073452,0.0
185,0,175.88927,424,1022.0977,2.1365273,3,94.367126,1.3883457563666366,0.0,121.91715159124698,,,,False,1.3883457563666366,0.0
186,221,141.95673,424,1266.4141,3.9558296,4,147.68294,1.1209286430195258,0.756009300834066,767.5844232247857,0.99109948,0.4869611,0.0,True,1.081979894113668,0.6752948405838461
187,6943,191.35524,424,939.48828,2.0156183,4,41.993977,1.5101639883396456,1.2916117286750717,1692.6858296531261,1.1023531,1.0627571,0.0,True,1.3878207218377518,1.2229553400725501
188,179,139.16949,424,1291.7773,3.9875562,4,151.16035,1.0989539667296937,0.7246565364573397,723.472180607779,0.99495429,0.48261347,0.0,True,1.0677540637107856,0.6520436165201378
189,0,146.9776,424,1223.1523,2.0051503,3,43.657692,1.1605101634301573,0.0,101.8771090454674,0.97840488,0.0,0.0,True,1.1058785784011103,0.0
190,4373,172.08913,424,1044.668,2.9992032,5,117.40193,1.3584075331431105,1.2054997131517124,1442.7370651683016,1.0469502,1.0962974,0.0,True,1.2649703332001772,1.1727390192061988
191,2362,147.05556,424,1222.5039,4.007133,6,95.045525,1.1611246774304542,1.0923315956672321,1142.3438218559513,0.97836125,0.90799087,0.0,True,1.1062956492013178,1.0370293779670625
192,3424,172.07368,424,1044.7617,3.0383928,5,160.56934,1.3582859364264408,1.1703156773340628,1400.5332652427194,1.0469501,1.0968242,0.0,True,1.2648851854985086,1.148268234133844
193,2251,147.06966,424,1222.3867,2.9996064,5,20.898222,1.1612358219015553,1.0855802611933287,1135.3804136932704,0.97836143,0.91386616,0.0,True,1.1063735043310887,1.03406603083533
194,3270,188.22171,424,955.12891,4.0158048,6,112.52691,1.4854861043742091,1.1788597024609058,1523.307792943308,1.060871,0.9827252,0.0,True,1.3581015730619463,1.120019351722634
195,4497,181.23009,424,991.97656,4.0068479,6,215.29158,1.430417731279129,1.218561542818771,1524.436915063824,1.0529386,1.0105666,0.0,True,1.3171739918953904,1.1561630599731396
196,88,130.93402,424,1373.0273,3.9084282,5,200.65622,1.0340170670792013,0.6210964142678425,589.1781693712163,0.94766057,0.33364525,0.0,True,1.0081101179554408,0.5348610649874898
197,5465,181.38652,424,991.12109,3.0086508,5,96.603683,1.431649886621412,1.2469542396253273,1561.1004177977236,1.0529989,1.0214022,0.0,True,1.3180545906349885,1.179288627737729
198,173,139.5751,424,1288.0234,2.7414136,4,90.041451,1.1021518647644941,0.7202175186561258,720.8755187889719,0.96589816,0.73088586,0.0,True,1.061275753335146,0.7234180210592881
199,29,145.89432,424,1232.2344,2.7516866,4,58.293091,1.1519705623987089,0.47776228737045345,500.99922808706134,0.97927535,0.23363462,0.0,True,1.1001619986790963,0.4045239871593174
200,4743,181.37651,424,991.17578,3.0054581,5,97.087517,1.4315710517022806,1.2264186284193601,1535.3243541341444,1.0529988,1.0152898,0.0,True,1.3179993761915965,1.163079979893552
201,36161,242.59094,424,741.06641,2.996017,5,95.204147,1.9134247985988668,1.5873498645423283,2546.183992903208,1.1452502,1.2129892,0.0,True,1.6829724190192068,1.4750416651796299
202,447,141.45671,424,1270.8906,3.0127399,4,62.212307,1.11698656263141,0.8538374215511683,863.8793655947186,0.97749996,0.69269842,0.0,True,1.0751405818419868,0.8054957210858178
203,235,155.68655,424,1154.7305,3.710073,4,114.25593,1.2291555344134464,0.7745483135510167,851.3034185658418,1.0200061,0.78486758,0.0,True,1.1664107040894125,0.7776440934857117
204,233,141.4554,424,1270.9023,3.4052725,4,116.88255,1.1169762957454261,0.7629990327434065,772.2878527374677,0.97798342,0.78328532,0.0,True,1.0752784330217984,0.7690849189203846
205,0,137.24136,424,1309.9258,3.0049677,3,150.07756,1.0837516084368743,0.0,95.12846174021244,0.9775216,0.0,0.0,True,1.0518826059058122,0.0
206,0,106.53023,424,1687.5586,3.008491,3,49.052162,0.841522570391955,0.0,73.8411285689025,0.88575172,0.0,0.0,True,0.8547913152743685,0.0
207,36330,242.56793,424,741.13672,3.0159733,5,116.74902,1.9132437647541263,1.5880323185394953,2547.0734331979424,1.1452501,1.2131648,0.0,True,1.6828456653278883,1.4755720629776468
208,1472,163.11992,424,1102.1094,2.4323258,4,37.776787,1.287736247784715,1.0410058676501792,1190.0797214080571,1.0257421,0.92334217,0.0,True,1.2091380034493004,1.0057067583551254
209,1742,164.55646,424,1092.4883,0.66915292,2,52.050636,1.2990560939754523,1.0663538392256948,1228.2389852958263,1.0345739,0.93813998,0.0,True,1.2197114357828167,1.0278896814579863
210,2123,180.05312,424,998.46094,2.4187231,4,68.677475,1.4211466325710156,1.1088171685034915,1379.4818549630947,1.0754411,0.95770448,0.0,True,1.317434972799711,1.0634833619524442
211,2778,177.94855,424,1010.2695,2.9744253,5,140.99266,1.4045683445958146,1.1457763370800766,1411.1686956805397,1.0479304,1.1028929,0.0,True,1.2975769612170702,1.1329113059560538
212,1622,177.66072,424,1011.9062,3.0798562,5,181.64102,1.4023010174904078,1.0678189387114518,1313.3830812376184,1.0478997,1.1034267,0.0,True,1.2959806222432855,1.0785012670980163
213,0,177.84816,424,1010.8398,1.9417329,3,80.856995,1.4037774738905728,0.0,123.27495067177405,1.0479015,1.1033232,6.150075540800627,True,1.297014681723401,0.33099696
214,147,140.2168,424,1282.1289,2.9951787,4,21.540989,1.1072110408073776,0.6980697746578219,701.6373383914932,0.97458363,0.70190972,0.0,True,1.0674228175651643,0.6992217582604754
215,2645,182.61655,424,984.44531,1.9971423,4,95.552246,1.4413385937227814,1.1429537227212196,1439.2343036921156,1.0527128,1.0006104,0.0,True,1.3247508556059469,1.1002507259048537
216,2884,182.98103,424,982.48438,4.0646052,6,96.221771,1.4442095017290504,1.1558285411275706,1457.9245474188433,1.0824746,0.97376281,0.0,True,1.335689031210335,1.1012088217892995
217,1882,182.10927,424,987.1875,2.0122557,4,95.943947,1.437342966727575,1.0931773059698695,1373.3137685635809,1.0525944,0.99488574,0.0,True,1.3219183967093024,1.0636898361789087
218,1211,181.87538,424,988.45703,3.0048141,5,96.628311,1.435500635398421,1.0291123997094782,1291.4701392629247,1.0525366,0.98873687,0.0,True,1.3206114247788947,1.0169997407966347
219,0,181.82365,424,988.73828,2.0063379,3,91.966942,1.435093126612442,0.0,126.03055035661829,1.0525354,0.98186284,1.9084333986835018,True,1.3203258086287095,0.29455885200000004
220,2192,147.0222,424,1222.7812,2.0106182,4,94.912842,1.1608617897628026,1.0817978939456097,1131.1125964951973,0.97838718,0.92069161,0.0,True,1.106119406833962,1.0334660087619267
221,3092,180.54684,424,995.73047,4.0977926,6,26.347851,1.425035857529572,1.1636739730353258,1451.094679005767,1.0586334,0.98897618,0.0,True,1.3151151202707005,1.1112646351247282
222,3440,182.83636,424,983.26172,3.0376556,5,96.305954,1.4430700666010174,1.1812604921599046,1488.9842070118627,1.0527731,1.0042952,0.0,True,1.3259809766207122,1.1281709045119332
223,104,137.16692,424,1310.6367,4.0770683,5,109.99172,1.0831646684111704,0.648133822474164,639.6695771469424,0.98617762,0.38065776,0.0,True,1.0540685538878192,0.5678910037319147
224,3632,183.28345,424,980.86328,4.1602201,6,104.46709,1.4465915299021375,1.1895566368286554,1502.5740809565857,1.0682193,1.0115144,0.0,True,1.3330798609314962,1.1361439657800587
225,131,130.02771,424,1382.5977,3.9280291,5,155.99753,1.026869895782604,0.6749900855541161,635.880898243171,0.94879961,0.3629764,0.0,True,1.0034488100478227,0.5813859798878813
226,288,140.13226,424,1282.9023,2.0378647,4,94.483841,1.10654459556951,0.7914870488041512,794.5332276681462,0.97484165,0.82281011,0.0,True,1.0670337118986568,0.8008839671629058
227,316,136.89355,424,1313.2539,4.0529075,5,153.30492,1.081009298584732,0.8017912526415877,788.7876690711873,0.98576933,0.57664061,0.0,True,1.0524373080093123,0.7342460598491114
228,4451,185.72575,424,967.96484,4.2823272,6,101.66341,1.4658280767165055,1.2213949103387154,1560.3439291308523,1.0768689,1.0352844,0.0,True,1.3491403237015538,1.1655617572371009
229,10809,201.79887,424,890.86719,1.994983,4,83.776505,1.592399980449313,1.3668087292299484,1874.3723618015442,1.0917007,1.1097305,0.0,True,1.442190196314519,1.2896852604609639
230,1044,141.46019,424,1270.8594,2.9901648,4,149.36272,1.1170139419167844,0.9723021447594693,983.5343150870765,0.97750008,0.88744885,0.0,True,1.075159783341749,0.9468461563316286
231,11550,201.30283,424,893.0625,1.9929719,4,89.549011,1.588494318441263,1.3760684472703717,1883.110243803221,1.091797,1.1207978,0.0,True,1.439485122908884,1.2994872530892603
232,12018,201.67508,424,891.41406,2.8933229,5,91.567734,1.5914252523626427,1.3822852632956648,1894.6016912375658,1.091656,1.1191212,0.0,True,1.4414944766538498,1.3033360443069653
233,14870,201.80064,424,890.85938,2.9999125,5,47.983448,1.5924139094555214,1.4137443547747663,1938.746278463917,1.0917007,1.1262077,0.0,True,1.4421999466188649,1.3274833583423364
234,2242,147.02455,424,1222.7617,3.0018239,4,95.711311,1.1608802723826463,1.0849704417899186,1134.4436723712563,0.97838724,0.92769253,0.0,True,1.1061323626678523,1.037787068252943
235,14202,201.79887,424,890.86719,2.0061865,4,49.864265,1.592399980449313,1.4069793245069673,1929.4552765767587,1.0917007,1.1240805,0.0,True,1.442190196314519,1.322109677154877
236,12871,201.79887,424,890.86719,2.0005286,4,96.671417,1.592399980449313,1.392499452259518,1909.599978941782,1.0917007,1.1197431,0.0,True,1.442190196314519,1.3106725465816624
237,35705,242.52448,424,741.26953,4.0255489,6,101.94083,1.912901899664625,1.5853652052395497,2542.408867879844,1.14525,1.2128549,0.0,True,1.6826063297652376,1.4736121136676847
238,2289,184.8782,424,972.40234,4.0033355,6,324.20648,1.4591525877286307,1.123997624387529,1430.3552458733736,1.1065049,0.98438984,0.0,True,1.3533582814100416,1.0821152890712702
239,34230,242.01433,424,742.83203,4.0525231,6,104.65165,1.9088890362298638,1.578484585645936,2526.8513285879358,1.1456475,1.212994,0.0,True,1.6799165753609047,1.468837409952155
240,9839,201.79533,424,890.88281,2.8031938,5,39.555088,1.592372123167914,1.352970340386609,1855.3693474395222,1.0917006,1.1073618,0.0,True,1.4421706662175398,1.2792877782706262
241,920,140.88295,424,1276.0664,3.0112829,4,96.309563,1.1124630894762848,0.9540912879262122,961.7438294030624,0.97686791,0.88225466,0.0,True,1.0717845356333993,0.9325402995483485
242,153,138.99339,424,1293.4141,2.9160562,3,23.735344,1.09756540082421,0.7027628675698566,701.0027542117525,0.98088688,0.5194726,0.0,True,1.062561844576947,0.6477757872988996
243,160,129.24445,424,1390.9766,2.8572819,3,39.616112,1.02069316591523,0.7018595936582892,657.5435901691251,0.99610364,0.78243572,0.0,True,1.013316308140661,0.7260324315608024
244,2415,177.80624,424,1011.0781,3.3379998,5,28.713194,1.4034472721301874,1.125421347498523,1385.160818651135,1.0905339,1.0178812,0.0,True,1.3095732604911312,1.0931593032489662
245,6364,200.14723,424,898.21875,3.2181671,5,187.78265,1.579395781191886,1.2873153874972731,1753.03486888688,1.0916393,1.0952133,0.0,True,1.43306883683432,1.229684761248091
246,2837,177.56819,424,1012.4336,2.942189,5,72.527084,1.4015719667604,1.1484577966163652,1411.8814630899521,1.097284,1.0366825,0.0,True,1.31028557673228,1.1149252076314555
247,4431,200.17336,424,898.10156,1.9896954,4,95.264519,1.579601412867047,1.2341384047263384,1680.8220417158823,1.0916395,1.0859059,0.0,True,1.433212839006933,1.1896686533084369
248,2763,179.25993,424,1002.8789,4.0453739,6,103.31463,1.4148985473770352,1.1462067141158172,1420.5983608001166,1.1013449,1.04352,0.0,True,1.3208324531639246,1.1154006998810722
249,1133,185.00455,424,971.73828,4.0455947,6,463.08459,1.460147685577107,1.021989794205988,1301.3937734994493,1.1065048,0.96456659,0.0,True,1.3540548199039748,1.0047628329441916
250,4511,192.6666,424,933.09375,2.9819605,5,108.24191,1.520491069371208,1.229880960583653,1621.234991385509,1.1024996,1.1105785,0.0,True,1.3950936285598456,1.194090222408557
251,127,140.44186,424,1280.0742,3.9838903,4,210.88034,1.1089854985770973,0.6779405672454673,682.5210933196253,0.9778989,0.36091638,0.0,True,1.069659519003968,0.5828333110718271
252,0,139.91881,424,1284.8594,4.0064292,4,211.9024,1.104861724520824,0.0,96.98432865880268,0.97704035,0.0,0.0,True,1.0665153121645767,0.0
253,3194,183.08876,424,981.90625,4.0647097,6,211.94698,1.445058099691747,1.1707345630295236,1477.4631837652075,1.0829344,0.98601705,0.0,True,1.336420989784223,1.1153193091206666
254,3129,199.85606,424,899.52734,2.010283,4,97.162674,1.5771032478059213,1.182741063589015,1608.6629556998735,1.0914259,1.0816607,0.0,True,1.4314000434641447,1.1524169545123104
255,1878,199.8578,424,899.51953,3.0594811,5,96.334656,1.5771169104898182,1.1077566730696027,1506.733361517461,1.0914259,1.0772082,0.0,True,1.4314096073428728,1.098592131148722
256,0,199.56662,424,900.83203,1.9659029,3,79.347351,1.574824162917473,0.0,138.329039986878,1.0907938,1.074958,8.486022054019276,True,1.429615054042231,0.3224874000000001
257,3349,183.75839,424,978.32812,4.0942192,6,100.0191,1.450332462053453,1.1782298364280148,1491.5694403699267,1.0888016,0.99740177,0.0,True,1.341873203437417,1.1239814164996105
258,0,185.9689,424,966.69922,1.939878,3,60.79813,1.4677432029932191,0.0,128.90381870683441,,,,False,1.4677432029932191,0.0
259,8904,194.93774,424,922.22266,2.9853237,5,108.32552,1.538375715544383,1.3315259680612315,1772.85747239187,1.1043049,1.1092234,0.0,True,1.408154470881068,1.264835197642862
260,6002,193.43021,424,929.41016,3.0385478,5,111.44517,1.5265043876049549,1.272346255571325,1682.8778751523316,1.1037772,1.114349,0.0,True,1.3996862313234684,1.2249470788999275
261,5329,192.98491,424,931.55469,2.0215225,4,111.02142,1.522997753778981,1.2545348703908819,1656.0602728185702,1.1033449,1.1129956,0.0,True,1.3971018976452865,1.2120730892736173
262,4737,192.62547,424,933.29297,3.0542924,5,110.90611,1.520167200550896,1.2369861029319178,1630.3013492897749,1.1029172,1.1116282,0.0,True,1.394992200385627,1.1993787320523424
263,28425,240.8403,424,746.45312,4.0469093,6,268.16837,1.899653642835817,1.5492562191862986,2469.840078474853,1.1462289,1.2130595,0.0,True,1.673626219985072,1.448397203430409
264,74,142.85741,424,1258.4297,3.9756317,4,266.16974,1.128029350545955,0.6046901239678606,618.6773483939538,1.1035981,0.30782264,0.0,True,1.1206999753821685,0.5156298787775024
265,0,142.0128,424,1265.9141,4.0084686,4,267.94254,1.1213706795277638,0.0,98.4357719234234,1.1012762,0.0,0.0,True,1.1153423356694345,0.0
266,10411,204.67067,424,878.36719,3.0204356,5,110.63162,1.6150098641225292,1.3641155035408885,1893.369543071038,1.248958,1.4380668,0.0,True,1.5051943048857703,1.386300892478622
267,9750,203.73653,424,882.39453,2.0180128,4,78.535095,1.6076554610755371,1.3535337449062164,1871.366412982345,1.2484251,1.4379972,0.0,True,1.4998863527528759,1.3788727814343515
268,9369,203.29375,424,884.31641,1.994591,4,30.73418,1.604169436397813,1.3472299237645244,1859.1975978377411,1.2481749,1.4379646,0.0,True,1.497371075478469,1.374450326635167
269,3555,191.97464,424,936.45703,2.0401256,4,111.26733,1.5150418724018009,1.1944529986004262,1569.7138117926067,1.101462,1.1086977,0.0,True,1.3909679106812605,1.1687264090202985
270,3282,191.60458,424,938.26562,2.0193424,4,110.26476,1.5121277069556505,1.1824516465206758,1551.3873107856714,1.1008528,1.1072993,0.0,True,1.3887452348689553,1.159905942564473
271,1512,177.85571,424,1010.7969,4.0376663,5,267.06253,1.4038369350259987,1.0578479062041055,1302.3502922210146,1.1037904,1.0480829,0.0,True,1.313822974518199,1.0549184043428739
272,260,142.65504,424,1260.2148,3.9729249,4,265.6106,1.126434023670007,0.7791901559749178,794.3524079178195,1.1018652,0.370399,0.0,True,1.1190633765690048,0.6565528091824425
273,0,141.74861,424,1268.2734,4.0256815,4,268.79706,1.1192879390372443,0.0,98.25264936979127,1.1006045,0.0,0.0,True,1.113682907326071,0.0
274,1078,149.82553,424,1199.9023,4.0092597,5,269.17032,1.1829594600990723,0.9846735778993627,1046.4888245613688,1.1019819,0.61710703,0.0,True,1.1586661920693506,0.8744036135295539
275,7981,202.98889,424,885.64453,2.0192809,4,110.39106,1.6017692306399196,1.3233203022540452,1823.8692964852896,1.2480503,1.4379303,0.0,True,1.4956535514479437,1.3577033015778315
276,7657,202.75905,424,886.64844,2.0126312,4,108.49237,1.5999597049873096,1.3169982031936396,1813.4032820353586,1.2479275,1.4379035,0.0,True,1.4943500434911168,1.3532697922355479
277,6700,201.94144,424,890.23828,2.0298913,4,31.993769,1.5935224118604652,1.2965713254157716,1779.1366531521742,1.2475655,1.4378484,0.0,True,1.4897353383023255,1.33895444779104
278,5785,201.1172,424,893.88672,3.0436933,5,80.663094,1.587032896190082,1.2742000635327593,1742.352576498486,1.2472155,1.4377847,0.0,True,1.4850876773330572,1.3232754544729315
279,3034,182.32355,424,986.02734,4.1660247,6,104.28114,1.4390307214573972,1.162576472152934,1461.9242169254414,1.0931593,1.0008961,0.0,True,1.335269295020178,1.1140723605070537
280,3015,191.26616,424,939.92578,2.9068689,5,109.94044,1.5094625564870228,1.169762193814554,1532.4279624539154,1.1004503,1.1059736,0.0,True,1.386758879540916,1.1506256156701877
281,0,188.6414,424,953.00391,2.126802,3,102.35883,1.4887914918587433,0.0,130.75625454688085,1.0998659,1.103601,4.292819876352309,True,1.3721138143011202,0.33108030000000005
282,966,175.89061,424,1022.0898,4.1117482,5,268.69598,1.3883564662980072,0.991585040991292,1209.2887657226504,1.1023567,1.0093073,0.0,True,1.3025565364086051,0.9969017186939043
283,0,134.62389,424,1335.3945,2.0311794,2,234.18481,1.0631131621221956,0.0,93.3141697895122,,,,False,1.0631131621221956,0.0
284,4390,199.65666,424,900.42578,1.9886975,4,26.042019,1.5755331102130448,1.232305796826888,1674.628218660045,1.2466438,1.4377763,0.0,True,1.4768663171491314,1.2939469477788217
285,8623,203.29196,424,884.32422,2.0058763,4,110.15848,1.6041553009798526,1.3350063869658126,1842.3171733194358,1.2481749,1.4379337,0.0,True,1.4973611806858969,1.365884580876069
286,67,141.54503,424,1270.0977,3.9864373,4,139.64526,1.1176827816761503,0.5902062861324591,599.3167322164143,1.103182,0.31722373,0.0,True,1.1133325471733053,0.5083115192927213
287,7504,184.01334,424,976.97266,3.000916,5,187.70538,1.4523405545358468,1.2955778987824758,1642.035307193323,1.1018782,1.0308523,0.0,True,1.3472018481750927,1.2161602191477332
288,6494,183.77673,424,978.23047,2.0087612,4,23.301048,1.4504769433456124,1.2743552639891569,1613.3652319048795,1.1016278,1.0256687,0.0,True,1.3458222003419287,1.1997492947924098
289,644,132.8568,424,1353.1562,3.0109377,4,78.629707,1.0491791986044363,0.8969610196171688,859.6897155141444,0.99303609,0.82451147,0.0,True,1.0323362660231055,0.8752261547320181
290,4925,183.76352,424,978.30078,3.0325365,5,370.38992,1.4503729109547714,1.2342040782500174,1562.446675722259,1.1016269,1.0097086,0.0,True,1.34574910766834,1.1668554347750122
291,123,132.60606,424,1355.7148,3.0258956,4,96.485008,1.0472020308682155,0.6681570241229702,640.2636611475333,0.99275559,0.78226209,0.0,True,1.0308680986077507,0.7023885438860791
292,1,108.69679,424,1653.9219,4.0115452,4,369.35468,0.8586163972466534,0.09350784489759549,119.41562923277691,0.98535335,0.051672194,0.0,True,0.8966374830726573,0.08095714962831685
293,11756,187.88745,424,956.82812,3.0142879,5,212.81364,1.4828535649328192,1.3648666862630114,1760.9355069823034,1.1107261,1.1735357,0.0,True,1.3712153254529733,1.307467390384108
294,11125,187.9005,424,956.76172,2.010669,4,208.84772,1.4829562614367136,1.3568468524685875,1750.693360415965,1.1107262,1.1733469,0.0,True,1.3712872430056995,1.3017968667280113
295,3001,198.65523,424,904.96484,2.0114505,4,60.569798,1.5676480864460336,1.1755677947946626,1590.7053465846539,1.246315,1.4377747,0.0,True,1.4712481605122234,1.2542298663562639
296,1518,197.88902,424,908.46875,2.0719137,4,49.8638,1.5616150426907383,1.0749443724425476,1449.8271003865598,1.2461023,1.4377407,0.0,True,1.466961219883517,1.1837832707097833
297,0,195.41118,424,919.98828,1.0501637,2,18.256178,1.542103871320179,0.0,135.44870846689196,,,,False,1.542103871320179,0.0
298,688,144.91171,424,1240.5898,3.002341,4,60.79496,1.144224502647481,0.9171293427935208,947.2431571495879,1.1014673,0.96814394,0.0,True,1.1313973418532366,0.9324337219554646
299,467,144.06256,424,1247.9023,4.0055132,5,139.04381,1.1375302660854636,0.8621418334866249,886.0715803654581,1.1019151,0.96426111,0.0,True,1.1268457162598247,0.8927776164406375
300,0,108.01767,424,1664.3203,1.9967122,2,64.069763,0.8532583416884695,0.0,74.87214341115458,,,,False,0.8532583416884695,0.0
301,1294,144.90944,424,1240.6094,2.7911615,5,60.179165,1.1442064544979564,1.0056825744983884,1038.5714452021386,1.1014673,0.93250197,0.0,True,1.1313847081485695,0.9837283931488718
302,1310,182.09991,424,987.23828,2.3342786,4,53.700039,1.4372691844272676,1.0406787613234636,1307.3513351089673,1.0998307,0.9497273,0.0,True,1.3360376390990873,1.0133933229264245
303,689,165.16295,424,1088.4766,2.5875144,4,40.225418,1.303835126677485,0.9344422670580061,1079.8584608059484,1.0858953,0.93455541,0.0,True,1.2384531786742394,0.9344762099406043
304,4999,199.89079,424,899.37109,3.0405674,5,83.743317,1.5773766339675184,1.2516033571903293,1702.5484497755303,1.2467562,1.4377166,0.0,True,1.478190503777263,1.3074373300332305
305,588,145.11139,424,1238.8828,4.0376606,5,140.3401,1.145798536251637,0.8952951270527874,925.8284496998511,1.1018846,0.96530682,0.0,True,1.1326243553761457,0.9162986349369511
306,1558,149.91972,424,1199.1484,3.9712567,6,137.45204,1.1837019438229557,1.03665245740754,1102.27591106501,1.1041429,0.92299122,0.0,True,1.159834230676069,1.002554086185278
307,3672,183.14923,424,981.58203,4.0175409,6,80.791061,1.4455344369191383,1.1910193466704482,1503.4786711187794,1.1008999,1.0008615,0.0,True,1.3421440758433967,1.1339719926693137
308,2266,182.12512,424,987.10156,4.0102096,6,81.361473,1.437467853048208,1.1200968748305167,1407.2177259088166,1.0999577,0.99185246,0.0,True,1.3362148071337456,1.0816235503813616
309,1392,145.35245,424,1236.8281,2.9895148,5,77.531151,1.1476989389406271,1.0163542611056458,1052.341939983279,1.101174,0.95101589,0.0,True,1.133741457258439,0.9967527497739519
310,788,149.72414,424,1200.7148,4.0377874,6,175.75591,1.182160305917773,0.9404495401043399,998.9643948108253,1.1036291,0.8729068,0.0,True,1.158600944142441,0.9201867180730379
311,1374,145.35153,424,1236.8359,3.0110908,5,96.57402,1.1476917127602073,1.0145273843511318,1050.446207500108,1.101174,0.8850857,0.0,True,1.1337363989321452,0.9756948790457922
312,709,144.41969,424,1244.8164,4.0123715,6,174.9131,1.1403456803261756,0.9209042565731766,948.3567966437308,1.1010077,0.8652494,0.0,True,1.1285442862283228,0.9042077996012237
313,9523,187.91737,424,956.67578,2.9874907,5,157.47807,1.4830892002923377,1.3342230818662817,1721.6379083772658,1.1107265,1.1714759,0.0,True,1.3713803902046364,1.2853989273063973
314,144,145.9767,424,1231.5391,2.7998133,4,98.200729,1.1526198852552247,0.6991313640317816,727.4904487351313,1.0252259,0.38530296,0.0,True,1.1144016896786573,0.6049828428222471
315,37,129.35124,424,1389.8281,2.2562585,3,81.970184,1.0215354151132838,0.5024920776108062,473.8862417433109,0.96233666,0.25310385,0.0,True,1.0037757885792988,0.4276756093275643
316,725,138.77209,424,1295.4766,2.2461748,3,98.363937,1.095820684473102,0.9189006426607037,914.3590981436645,0.98860109,0.86899227,0.0,True,1.0636548061311712,0.9039281308624926
317,24,123.84166,424,1451.6602,2.074842,3,44.633793,0.9780839400430946,0.44199981050607456,403.48808370883347,0.95007688,0.23930785,0.0,True,0.9696818220301662,0.3811922223542522
318,22,123.69521,424,1453.3789,2.0456586,3,50.817112,0.9769288917819497,0.4304804683965176,393.1100359361935,0.92950183,0.19038169,0.0,True,0.9627007732473648,0.35845083487756235
319,482,140.98825,424,1275.1133,3.0193086,4,92.608704,1.1132933122690314,0.8639585423031622,871.6013323493912,0.99395066,0.79880542,0.0,True,1.077490516588322,0.8444126056122135
320,10993,199.24953,424,902.26562,1.9885585,4,52.734245,1.5723274936625733,1.3667439452788117,1854.0559102284562,1.0951843,1.1331004,0.0,True,1.429184535563801,1.2966508816951683
321,0,136.51471,424,1316.8984,1.9916216,2,47.419376,1.0780221553834874,0.0,94.62478634145857,0.98663384,0.0,0.0,True,1.0506056607684413,0.0
322,10607,199.24091,424,902.30469,1.9384803,4,92.073456,1.572259562094976,1.3614856031047284,1846.855242436504,1.0947044,1.1272423,0.0,True,1.4289930134664832,1.2912126121733098
323,601,144.65938,424,1242.7539,3.1269574,4,95.488091,1.142235180705064,0.8979671534896984,926.0973724898927,0.98222023,0.843692,0.0,True,1.0942306954935446,0.8816846074427889
324,10471,198.8707,424,903.98438,2.2270219,4,89.774864,1.5693446016142498,1.3592202782183997,1840.8577306944626,1.0943931,1.1241202,0.0,True,1.4268591511299749,1.2886902547528798
325,11311,200.80132,424,895.29297,2.1749792,4,44.903545,1.5845456762018686,1.3724909224439856,1874.2208439083122,1.0928692,1.1229103,0.0,True,1.437042733341308,1.29761673571079
326,791,150.95038,424,1190.9609,3.0778546,4,42.577583,1.1918258979819314,0.9420651620464775,1007.7180521186044,1.09823,1.0388966,0.0,True,1.163747128587352,0.9711145934325343
327,31352,232.15625,424,774.375,1.8550444,4,14.00999,1.8313336929960817,1.555466530175273,2403.536205500311,1.2404265,1.3939539,0.0,True,1.6540615350972572,1.507012741122691
328,29031,230.79875,424,778.92969,2.1676562,4,83.930176,1.8206526325050247,1.5425572978439441,2371.7314358805224,1.2405978,1.3939296,0.0,True,1.6466361827535172,1.497968988490761
329,3320,185.073,424,971.37891,3.936233,5,503.95996,1.4606867698621424,1.178183167736511,1500.631531209232,1.1066357,1.0018389,0.0,True,1.3544714489034995,1.1252798874155578
330,28878,230.88559,424,778.63672,1.8495253,4,22.409935,1.8213359165321266,1.5418508513608091,2371.4038667900763,1.2407722,1.3940905,0.0,True,1.6471668015724887,1.4975227459525664
331,4988,193.93639,424,926.98438,2.9588628,4,88.095284,1.530490422131568,1.2457617763145183,1651.4054393051233,1.1060457,1.117687,0.0,True,1.4031570054920977,1.2073393434201627
332,4674,193.72414,424,928.0,2.0712943,4,75.055847,1.5288190278492828,1.236053826953222,1637.0074028735698,1.1054893,1.1157997,0.0,True,1.4018201094944978,1.1999775888672555
333,5184,194.05251,424,926.42969,2.0217063,4,111.32169,1.5314048131095774,1.251508678242988,1659.8704411535302,1.1050563,1.1145805,0.0,True,1.4035002591767043,1.2104302247700915
334,6127,194.32945,424,925.10938,1.8115473,4,28.84486,1.5335857090560696,1.2762231521097793,1694.7057186349964,1.1047405,1.1139351,0.0,True,1.4049321463392488,1.2275367364768455
335,0,134.80606,424,1333.5898,2.0085669,2,31.556637,1.0645496812717745,0.0,93.44044041139482,1.0031186,0.0,0.0,True,1.0461203568902422,0.0
336,3,114.10925,424,1575.4727,3.992851,4,97.609276,0.9013161976748206,0.18824745545551336,183.65175310942087,0.99239177,0.36419255,0.0,True,0.9286388693723744,0.24103098381885935
337,0,150.52873,424,1194.2969,1.0841513,2,111.46481,1.1885023658423197,0.0,104.33856479276925,,,,False,1.1885023658423197,0.0
338,1129,150.57257,424,1193.9492,2.9065938,4,41.038601,1.1888479008137076,0.9918789277443469,1058.654279482518,1.0981256,0.95204651,0.0,True,1.1616312105695954,0.9799292024210429
339,0,134.47519,424,1336.8711,1.3598236,2,78.28936,1.0619406871205397,0.0,93.21109880376295,,,,False,1.0619406871205397,0.0
340,0,105.26947,424,1707.7695,2.2391868,2,33.296928,0.8315750724877435,0.0,72.96723632953974,0.98321652,0.0,0.0,True,0.8770675067414205,0.0
341,25551,229.56577,424,783.11328,3.078372,5,267.73471,1.8109510208511987,1.5221714829738144,2329.750513781101,1.2409028,1.393124,0.0,True,1.639936554595839,1.4834572380816702
342,1502,145.38506,424,1236.5508,3.4590204,5,100.09797,1.1479558980542688,1.027057063890482,1063.6201622561655,1.11431,1.0572599,0.0,True,1.1378621286379882,1.0361179147233375
343,0,200.17596,424,898.08984,2.1012833,3,53.423756,1.5796219807345375,0.0,138.7514022898804,,,,False,1.5796219807345375,0.0
344,1601,170.82314,424,1052.4102,4.0069857,5,99.523071,1.3484331770499118,1.0599457394264793,1260.611936353723,1.0958861,0.7442019,0.0,True,1.2726690539349383,0.9652225875985354
345,2584,184.55127,424,974.125,4.0765319,6,228.45653,1.4565774833139538,1.1413101907409604,1450.1794375664845,1.1064527,0.98725152,0.0,True,1.3515400483197677,1.0950925895186723
346,2212,171.80582,424,1046.3906,4.092927,6,105.30855,1.3561755474532422,1.1072661316925947,1323.3439691361218,1.1014973,0.88771963,0.0,True,1.2797720732172695,1.0414021811848162
347,6094,194.55455,424,924.03906,2.2160082,4,81.077484,1.5353582341330538,1.2756483498883575,1695.618409358492,1.1044893,1.1100942,0.0,True,1.4060975538931375,1.2259821049218502
348,6629,194.68788,424,923.40625,3.0456772,5,112.7618,1.5364081406407544,1.2880920947538563,1713.158122424394,1.1043692,1.1093682,0.0,True,1.406796458448528,1.2344749263276995
349,8471,194.82964,424,922.73438,2.9736345,5,110.73563,1.5375244250136273,1.3241206689872909,1762.1639388025771,1.1044184,1.1100386,0.0,True,1.407592617509539,1.2598960482911035
350,19,143.1035,424,1256.2656,3.9974608,4,267.02637,1.129969456289541,0.41967121018684606,435.68181666675383,1.1024143,0.55258483,0.0,True,1.1217029094026787,0.45954529613079226
351,2768,171.02373,424,1051.1758,4.0384598,6,266.5607,1.3500136405525394,1.1387436250077587,1355.6371427396953,1.1049021,0.93423688,0.0,True,1.2764801783867776,1.0773916015054312
352,1,143.13287,424,1256.0078,4.0071716,4,267.98022,1.1302010177519033,0.09710555995277587,157.24752989433503,1.1021221,0.052107222,0.0,True,1.1217773424263324,0.08360605856694311
353,10813,204.53696,424,878.94141,2.9993281,5,109.7611,1.6139571596479192,1.3695701588583407,1899.8802796581208,1.2496933,1.4348174,0.0,True,1.5046780017535435,1.3891443312008385
354,293,143.20636,424,1255.3633,3.0164049,4,208.84189,1.130780336836484,0.7962908955099979,814.4110401911286,1.1024878,0.60967004,0.0,True,1.1222925757855386,0.7403046388569985
355,45,143.99359,424,1248.5,3.9933839,4,266.94165,1.1369865620950284,0.5368183859743737,554.3965752001214,1.1031146,0.61774582,0.0,True,1.1268249734665199,0.5610966161820616
356,847,143.48405,424,1252.9336,2.9905131,4,207.97079,1.1329696614225908,0.9449588057332242,967.6649254916567,1.1022152,0.81788105,0.0,True,1.1237433229958136,0.9068354790132569
357,0,107.678,424,1669.5703,3.999742,4,111.6303,0.8505784625988108,0.0,74.6367021083338,0.98641467,0.0,0.0,True,0.8913293248191676,0.0
358,821,143.20815,424,1255.3477,2.9956205,4,58.748207,1.1307943665064428,0.9403416985745957,961.3500385299918,1.1024879,0.92051423,0.0,True,1.1223024265545098,0.9343934580022171
359,10319,204.40977,424,879.48828,1.9652116,4,56.647869,1.612955870383022,1.362551348531755,1889.1419985349478,1.2498184,1.4349294,0.0,True,1.5040146292681154,1.3842647639722285
360,410,143.48405,424,1252.9336,3.0077786,4,59.579979,1.1329696614225908,0.8434559297958731,863.920815309235,1.1022152,0.89735264,0.0,True,1.1237433229958136,0.8596249428571112
361,10407,204.40977,424,879.48828,2.0091724,4,111.74246,1.612955870383022,1.3638031987075343,1890.877470586315,1.2498184,1.4348772,0.0,True,1.5040146292681154,1.385125399095274
362,10658,204.53696,424,878.94141,2.0108275,4,111.20699,1.6139571596479192,1.367441477372538,1896.927657600374,1.2496933,1.4348474,0.0,True,1.5046780017535435,1.3876632541607767
363,5245,184.0656,424,976.69531,4.001431,5,448.89182,1.452752129669277,1.243635934243117,1576.5976555300526,1.1021088,1.0330855,0.0,True,1.347559130768494,1.180470803970182
364,4133,202.08864,424,889.58984,3.9474709,6,160.07002,1.5946813569565048,1.2256174387545267,1682.8411334911991,1.2507284,1.4272745,0.0,True,1.4914954698695533,1.2861145571281687
365,9686,204.24286,424,880.20703,3.0736144,5,74.925873,1.6116417661054379,1.3530565887298387,1874.6723554957691,1.2499441,1.4349598,0.0,True,1.5031324662738064,1.3776275521108872
366,1170,143.05057,424,1256.7305,4.1598468,6,162.84137,1.1295521129422328,0.9897684165795404,1010.8621279642647,1.1168386,1.1349833,0.0,True,1.125738059059563,1.0333328816056784
367,19744,228.04604,424,788.33203,2.9424891,5,140.8255,1.7989928813840848,1.4820308721474889,2255.536385857363,1.2362125,1.3934487,0.0,True,1.6301587669688593,1.4554562205032422
368,526,149.10422,424,1205.707,4.0955529,5,181.12857,1.177273706205092,0.8830393013313601,934.7487114869208,1.0957118,0.92146534,0.0,True,1.1528051343435644,0.8945671129319521
369,14639,227.1972,424,791.27734,2.1581423,4,25.243134,1.792313512824951,1.4364072579485405,2179.180367492104,1.2360115,1.3928491,0.0,True,1.6254229089774657,1.4233398105639785
370,1149,145.81573,424,1232.8984,4.1634407,6,100.34076,1.1513511523699707,0.9898819197998429,1027.7656095098598,1.1123588,1.1333758,0.0,True,1.1396534466589794,1.03293008385989
371,13539,227.28473,424,790.97266,2.0042477,4,98.737038,1.7930021646645837,1.4247916268728829,2162.268141988913,1.2360156,1.3928685,0.0,True,1.6259061952652085,1.4152146888110182
372,762,149.16463,424,1205.2188,4.0628419,5,177.91414,1.177749796391369,0.9352330883199935,990.239508000942,1.0938104,0.85707992,0.0,True,1.1525679774739581,0.9117871378239955
373,12153,227.19383,424,791.28906,2.9335172,5,56.195419,1.7922870333038918,1.4085342763898312,2136.8706335600295,1.2358243,1.3928032,0.0,True,1.6253482133127242,1.4038149534728817
374,10347,204.65428,424,878.4375,3.0270758,5,112.67952,1.6148808926242157,1.3631902673722978,1891.9562022818436,1.2494476,1.4346976,0.0,True,1.505250904836951,1.3846424671606083
375,10454,204.65701,424,878.42578,3.0164776,5,110.69822,1.6149023895004904,1.3647098621940514,1894.0865584660753,1.2494476,1.4346745,0.0,True,1.5052659526503431,1.3856992535358361
376,2547,170.56546,424,1054.0,4.0299354,6,140.69302,1.346403121117266,1.1263607674941032,1337.8227496023583,1.1040881,0.98070443,0.0,True,1.2737086147820862,1.082663866245872
377,23007,240.82518,424,746.5,3.9938803,6,139.25742,1.8995346638608324,1.517295778309209,2418.7615849042613,1.147061,1.2158408,0.0,True,1.6737925647025826,1.4268592848164463
378,5704,184.11272,424,976.44531,3.9976404,6,221.97279,1.4531233185632348,1.2558610919819275,1592.4412759588154,1.1021093,1.0300188,0.0,True,1.3478191129942645,1.1881084043873493
379,2026,170.37477,424,1055.1797,4.0044203,6,174.69121,1.3449006785694364,1.093334030888453,1297.3707126074153,1.1036617,0.96293747,0.0,True,1.2725289849986055,1.054215062621917
380,20201,240.92226,424,746.19922,3.9975176,6,174.24329,1.9002982867314846,1.4977382543208946,2388.4036371127213,1.1470617,1.2148857,0.0,True,1.6743273107120393,1.4128824880246262
381,7462,187.74719,424,957.54297,4.003088,6,222.61299,1.4817488537275543,1.2985386853203096,1674.3006667601314,1.1107062,1.1701006,0.0,True,1.370436057609288,1.2600072597242167
382,11766,240.93488,424,746.16016,3.0020285,5,69.064507,1.9003974976425275,1.4160932365581844,2258.3161833810273,1.1470622,1.2115833,0.0,True,1.6743969083497694,1.354740255590729
383,664,154.42342,424,1164.1758,3.0244153,4,173.82016,1.219200137663492,0.9203443840640441,1003.9513853355202,1.0214903,0.87082148,0.0,True,1.1598871863644444,0.9054875128448308
384,2521,185.14447,424,971.00391,4.0073147,6,171.31729,1.4612497249880867,1.138255308617537,1450.2743934730559,1.1079247,0.94801199,0.0,True,1.3552522174916608,1.081182313032276
385,8088,226.07112,424,795.21875,3.088959,5,150.91629,1.7834524036217576,1.3465646641764841,2034.2747513426687,1.2356766,1.3906437,0.0,True,1.6191196625352302,1.3597883749235389
386,0,145.02679,424,1239.6055,1.9932868,2,130.58839,1.1451316025096805,0.0,100.52491059415927,1.1250548,1.0446569,11.363100322287577,True,1.1391085617567764,0.31339707000000006
387,7092,225.81932,424,796.10547,1.8496612,4,18.147869,1.7814709325320537,1.3266810844852472,2002.340957187874,1.2357951,1.3910439,0.0,True,1.6177681827724377,1.345989929139673
388,3841,223.05687,424,805.96484,2.1769643,4,84.518593,1.7597321387151366,1.2326836603780424,1841.1133211645056,1.2347369,1.3908037,0.0,True,1.6022335671005954,1.2801196722646297
389,0,110.32877,424,1629.457,2.0119395,2,51.344913,0.8714919828716496,0.0,76.47407586014668,1.0032035,0.0,0.0,True,0.9110054380101547,0.0
390,0,144.54669,424,1243.7227,1.0967,2,21.685425,1.1413468630697932,0.0,100.19213063277245,,,,False,1.1413468630697932,0.0
391,1552,145.14113,424,1238.6289,2.9074423,4,46.120396,1.1460330288129135,1.0314091468232525,1066.5822981427407,1.1261678,1.0257322,0.0,True,1.1400734601690394,1.0297060627762766
392,1591,220.50267,424,815.30078,1.862757,4,50.718544,1.7396309054052694,1.099223732983694,1625.848722244573,1.2334929,1.390485,0.0,True,1.5877895037836887,1.1866021130885858
393,0,216.57211,424,830.09766,1.0962673,2,31.418367,1.7086957027373841,0.0,150.11634743441834,,,,False,1.7086957027373841,0.0
394,7083,187.76021,424,957.47656,4.0126982,6,427.89999,1.481851412711774,1.2909624916085873,1664.632293967331,1.1107063,1.1706585,0.0,True,1.3705078788982417,1.2548712941260112
395,1450,170.36342,424,1055.25,4.1028647,6,169.72571,1.3448112517378417,1.0453215851980469,1240.3644741901526,1.1036597,0.9393872,0.0,True,1.2724657862164892,1.0135412696386328
396,2722,176.2422,424,1020.0508,3.8799176,5,406.22507,1.391126249203888,1.141250818174615,1394.0505407242276,1.1001915,0.98427516,0.0,True,1.3038458244427216,1.0941581207222306
397,2230,176.11542,424,1020.7852,3.6184216,5,37.727257,1.390127365843613,1.112381147104584,1357.96494854281,1.1001903,0.95672131,0.0,True,1.3031462460905292,1.0656831959732087
398,1083,167.15271,424,1075.5195,3.8911047,5,31.598953,1.3195136569684658,1.0007258177843883,1168.2863308062185,1.0954592,0.92517197,0.0,True,1.2522973198779261,0.9780596634490718
399,632,138.59532,424,1297.1289,3.5967898,4,45.41975,1.0944269624821934,0.8996197604124615,894.2237894958927,0.98850292,0.72512782,0.0,True,1.0626497497375353,0.847272178288723
400,0,112.40775,424,1599.3203,1.0949303,1,22.432428,0.887893381417717,0.0,77.91511498558718,0.93432039,0.0,0.0,True,0.9018214839924019,0.0
401,782,158.00902,424,1137.7578,1.7082889,3,20.985222,1.247459500518297,0.9465419222739966,1053.036738184728,1.049237,0.87270588,0.0,True,1.1879927503628078,0.9243911095917976
402,843,171.25792,424,1049.7383,3.9736252,5,613.55408,1.3518588187763372,0.96824361306771,1154.1647729810047,1.0993397,0.8571806,0.0,True,1.2761030831434361,0.934924709147397
403,0,153.7014,424,1169.6445,2.0248752,3,463.95087,1.2135094697238222,0.0,106.53769205811638,,,,False,1.2135094697238222,0.0
404,0,-1.0,1,-1.0,0.0,0,27.702177,1.0,0.0,-0.6931471805599453,,,,False,1.0,0.0
405,0,151.46007,424,1186.9531,2.2193718,3,58.105709,1.195843381795155,0.0,104.98412048791195,1.0586276,0.9195382,8.604459261265605,True,1.1546786472566084,0.27586146000000006
406,1626,144.97836,424,1240.0195,4.3073473,6,193.72601,1.144749897968456,1.037780075800293,1072.130564124253,1.0999019,0.8972159,0.0,True,1.1312954985779191,0.9956108230602052
407,0,186.67496,424,963.04297,2.0386491,3,8.63939,1.4733040290421815,0.0,129.39322220514057,,,,False,1.4733040290421815,0.0
408,0,144.30241,424,1245.8281,2.0109491,3,17.391592,1.1394211237107363,0.0,100.02280863950526,,,,False,1.1394211237107363,0.0
409,7280,187.90894,424,956.71875,4.0146775,6,84.72007,1.48302272788535,1.2951054869783878,1671.1044245771866,1.1107264,1.1703931,0.0,True,1.371333829519745,1.2576917708848714
410,0,144.97928,424,1240.0117,2.0026755,3,67.595444,1.1447570871512989,0.0,100.49197917161085,1.100623,0.0,0.0,True,1.1315168610059092,0.0
411,5630,187.96188,424,956.44922,3.9964814,6,80.702347,1.4834397756615973,1.2577323489671752,1623.2801280910155,1.1107271,1.1692592,0.0,True,1.3716259729631182,1.2311904042770228
412,0,149.58691,424,1201.8164,2.0107229,3,67.742538,1.1810785231866197,0.0,103.68574491517428,1.1024402,0.0,0.0,True,1.1574870262306338,0.0
413,3415,187.67598,424,957.90625,3.9921417,6,81.249786,1.4811880805024793,1.1846784287352088,1527.0290367536245,1.1105111,1.168014,0.0,True,1.3699849863517355,1.1796791001146463
414,0,144.5585,424,1243.6211,2.0072043,3,67.849091,1.1414399578650627,0.0,100.20031670097485,1.1010745,0.0,0.0,True,1.1293303205055438,0.0
415,9937,240.93488,424,746.16016,3.013972,5,101.41223,1.9003974976425275,1.3905705873417158,2217.6180486067733,1.1470622,1.2098333,0.0,True,1.6743969083497694,1.336349401139201
416,3087,176.57556,424,1018.125,2.500669,5,185.92873,1.3937524282806844,1.159716111514311,1418.8910454396066,1.1001951,0.95016927,0.0,True,1.3056852297964792,1.0968520590600177
417,1223,176.34215,424,1019.4727,2.9954472,5,172.09801,1.391913553734557,1.0259597135705882,1253.9154423227508,1.0994385,0.90058059,0.0,True,1.30417103761419,0.9883459764994118
418,6321,240.4917,424,747.53516,4.0091753,6,134.8573,1.8969112748491117,1.3218657472849047,2104.7711072859147,1.1467,1.2078643,0.0,True,1.6718478923943783,1.2876653130994333
419,4470,239.51047,424,750.59766,3.9992623,6,136.91405,1.889192288878274,1.2687617745065525,2013.227054590892,1.1460067,1.2067982,0.0,True,1.6662366122147918,1.2501727021545868
420,0,238.42107,424,754.02734,2.0248752,3,119.25774,1.880622063085487,0.0,165.26089245658534,1.1453236,1.2035568,1.0763667132938282,True,1.660032524159841,0.36106704000000006
421,2253,155.8806,424,1153.293,2.2335336,4,304.77078,1.230684939577954,1.0946391085663794,1203.539343215056,1.0965927,1.0164003,0.0,True,1.1904572677045677,1.0711674659964656
422,1506,144.24045,424,1246.3633,1.0500897,3,72.542564,1.138932629547691,1.0262940562070522,1055.6294378282312,1.068651,1.001904,0.0,True,1.1178481406833836,1.0189770393449367
423,0,154.00279,424,1167.3555,0.98945111,2,39.637146,1.2158849006139134,0.0,106.74659968686534,1.0201858,0.0,0.0,True,1.1571751704297393,0.0
424,759,129.90402,424,1383.9141,2.9561,3,51.606911,1.0258945311977365,0.9168580998287009,861.8655444123316,0.9914332,0.86925662,0.0,True,1.0155561318384156,0.9025776558800906
425,0,100.65097,424,1786.1328,0.95421964,1,64.235695,0.7951320483019119,0.0,69.76593607612364,0.90025812,0.0,0.0,True,0.8266698698113384,0.0
426,104,125.63306,424,1430.9609,3.9817719,4,100.41681,0.9922124852812334,0.6403185202242323,585.882123516927,0.98517317,0.37971973,0.0,True,0.9901006906968635,0.5621388831569626
427,0,176.04939,424,1021.168,1.014282,2,256.49979,1.389607274562763,0.0,122.02813831779822,1.0989326,0.0,0.0,True,1.302404872193934,0.0
428,0,171.06059,424,1050.9492,2.013463,3,426.71765,1.3503041703244876,0.0,118.57016566342077,1.0992067,0.0,0.0,True,1.2749749292271413,0.0
429,0,139.76414,424,1286.2812,1.2716607,2,13.454922,1.103642353781017,0.0,96.87711958438547,1.0573072,0.97923422,14.522694080098038,True,1.0897418076467118,0.29377026600000006
430,0,115.73601,424,1553.3281,1.9035904,2,8.9628401,0.9141490441147646,0.0,80.22208902075762,0.98653948,0.0,14.190128786798672,True,0.9358661748803352,0.0

metric,value
avg_local_nain,1.315548
avg_local_nach,0.89389
avg_citywide_nain,1.072335
avg_citywide_nach,0.892993
avg_blended_nain,1.244285
avg_blended_nach,0.872488
avg_segment_length,111.5509
blended_nain_nach_pearson_r,0.60218
blended_nain_nach_p_value,7.0366e-44
pct_citywide_matched,92.11
