segment_id,T1024 Choice,T1024 Integration,T1024 Node Count,T1024 Total Depth,Angular Connectivity,Connectivity,Segment Length,nain,nach,integrated,length_penalty,NAIN_adjusted,NACH_adjusted
0,0,122.17554,403,1329.3086,0.99222374,2,34.559513,1.0048177955031363,0.0,84.68563108438882,0.9929420657394262,0.9977258575586205,0.0
1,0,60.992958,403,2662.75,0.26953179,1,17.05448,0.502006782094518,0.0,42.27709687171116,0.9975723388853893,0.5007880797503563,0.0
2,676,63.573429,403,2554.668,1.3124518,3,30.67329,0.5232288950252308,0.8306097719200629,414.44454725042124,0.99410412164658,0.5201440011091677,0.8257125977456603
3,0,48.475891,403,3350.3047,2.029335,2,5.0458941,0.3990456394331836,0.0,33.60092717178122,0.9996236076219979,0.398895441696026,0.0
4,0,48.521149,403,3347.1797,2.2057321,2,99.043083,0.39941797467193735,0.0,33.63229762687901,0.9655882079254579,0.3856732863766919,0.0
5,5296,74.113228,403,2191.3633,3.9877896,5,117.53193,0.6098955757062073,1.1145423830613674,635.5272052545648,0.9554974009609328,0.582753637444853,1.064942350275941
6,3340,63.392071,403,2561.9766,1.8297396,3,125.14578,0.5217374341818747,1.0336727074328607,514.3838480798296,0.9510970894708463,0.4962229551183682,0.9831231035048433
7,2680,56.699089,403,2864.4023,2.1821434,3,96.393898,0.4666904476689705,0.9915569309380149,447.6006424960639,0.9669619932850577,0.4512719255250836,0.9587978663954372
8,0,59.81485,403,2715.1953,2.0114548,3,23.108723,0.492317417370171,0.0,41.46049463311604,0.9961553843998268,0.4904246461471126,0.0
9,0,54.950138,403,2955.5703,1.0457138,2,4.1919775,0.4523045733135631,0.0,38.08853322607991,0.9997180966163124,0.4521770671238886,0.0
10,1348,55.15432,403,2944.6289,2.2457275,4,93.149246,0.45398406721198137,0.9021577988281452,397.5446098641456,0.9686189506936606,0.43973757081450965,0.8738471404610205
11,0,50.138809,403,3239.1875,1.0072418,2,29.347462,0.41272606801870204,0.0,34.75357409498361,0.9944843626580459,0.41044962070594015,0.0
12,0,60.941463,403,2665.0,0.96836346,2,69.541603,0.5015832668115361,0.0,42.24140325764822,0.9797767445746991,0.4914396202897495,0.0
13,872,64.774643,403,2507.293,3.3287017,4,196.17877,0.5331073623472296,0.8650743074017029,438.7238633433932,0.9039456430602765,0.48190007747713426,0.7819801510991556
14,386,56.798233,403,2859.4023,2.5130215,3,58.817856,0.46750594021203057,0.7486006896166091,338.5745701941668,0.9842801097343656,0.46015679813336524,0.7368327689230578
15,634,59.978367,403,2707.793,1.012183,3,49.399261,0.4936622733125249,0.8163982117189158,387.1722684898866,0.987910804587589,0.4876942936227147,0.806528614203103
16,33143,93.422401,403,1738.4375,3.6939037,5,90.046524,0.7686128186656326,1.3947958629247503,972.4008083516028,0.9701766227363584,0.7456901886048964,1.353198339698979
17,6650,61.519287,403,2639.9688,1.4637744,3,104.43355,0.5063354921475102,1.1171198516053855,541.5341568303094,0.9627359237126215,0.48746736774111804,1.0754914122330175
18,7293,63.487804,403,2558.1133,1.3669164,3,42.951984,0.5225247541139554,1.1333567445077406,564.7204905281164,0.9902063298164068,0.5174073190094002,1.1222570223516808
19,4524,67.590988,403,2402.8203,2.8857119,5,106.10069,0.5562671658195695,1.08113991234594,568.9534832951178,0.9618385637983038,0.5350392118600477,1.039882060555843
20,7643,64.349266,403,2523.8672,1.5048579,3,193.61902,0.5296092259269872,1.1412862941215314,575.3987247802447,0.9058211395970278,0.47973123257028333,1.0338012515476342
21,8242,67.901505,403,2391.832,2.7161641,4,97.70816,0.5588205741198075,1.1588536709460657,612.2842309101205,0.9662827895232738,0.539978703203485,1.1197803578110506
22,18213,78.637123,403,2065.2969,4.5156951,6,101.48593,0.6470877853037785,1.284952581955802,771.43023241853,0.9643049954095481,0.6239899838369348,1.2390861936443767
23,39059,116.18668,403,1397.8281,2.9965441,5,240.44339,0.9556334614131313,1.4593676442234291,1228.427802668145,0.8696338365172059,0.8310511933529187,1.2691154833350975
24,32908,93.592323,403,1735.2812,0.49672329,3,386.24072,0.7700092377597633,1.3941812770545523,973.5035278453887,0.7344716198575378,0.5655499321626813,1.0239865809333077
25,32518,91.668289,403,1771.7031,1.2745397,3,49.279678,0.7541975726300342,1.388723486762453,952.397823747198,0.9879548304312421,0.7451131349793598,1.3719960768802826
26,8016,64.931442,403,2501.2383,3.6310596,5,221.62453,0.5343968141532378,1.1486862183216646,583.697580736306,0.8846461054672479,0.4727520604147665,1.0161807894421615
27,536,56.573025,403,2870.7852,2.2503791,3,54.220058,0.46565353113987323,0.7893625434559568,355.72317952049667,0.9860920987153906,0.4591772677959501,0.7783841671238032
28,277,54.554657,403,2976.9961,0.53419292,2,91.648529,0.44905146824004466,0.7034810184469242,307.2088272516234,0.969375661976952,0.4352995642869155,0.6819373779452076
29,14,52.828953,403,3074.2422,2.2612882,3,191.18123,0.43485606321451764,0.33716649831769385,146.47295929553545,0.9075957806510706,0.39467352816403145,0.3060108912500352
30,694,50.162704,403,3237.6445,2.1361361,4,90.503357,0.4129226440081209,0.8095366581576217,328.332437587856,0.9699489397690945,0.4005138807623281,0.785209223284201
31,1984,67.128822,403,2419.3633,3.1705334,5,213.48602,0.5524666920434315,0.9744466156531445,509.76807412024067,0.8909463644727234,0.49221819076836687,0.8681796695889182
32,0,57.865009,403,2806.6875,2.0221806,3,96.896049,0.4762803169047346,0.0,40.10896784142586,0.9667030282702176,0.46042162465730585,0.0
33,6594,64.669861,403,2511.3555,2.5422673,4,73.972557,0.5322456662363787,1.123157520306268,568.7208998771555,0.9778084345102347,0.5204343016774503,1.098232896639069
34,2249,58.985428,403,2753.375,1.9009442,3,69.540726,0.48549564853653926,0.9743758385357332,455.3161774534555,0.9797771280920049,0.4756775322242958,0.9546711607627797
35,1600,56.734215,403,2862.6289,2.4238582,3,239.16119,0.4669793607773652,0.926869386310183,418.64223359961164,0.8706759943133028,0.40658771926862297,0.8070029245241793
36,320,51.281086,403,3167.0352,1.3009895,3,52.697521,0.42212297691940026,0.7159266359621842,296.12527441849574,0.9866756432733036,0.41649845979239114,0.7063873740744804
37,49,49.201687,403,3300.8828,0.81337994,2,75.084824,0.4050166638024113,0.48279571231102714,193.45245411987923,0.9773048519709364,0.3958247506631781,0.4718385921523312
38,48,49.20116,403,3300.918,1.7533706,3,52.347851,0.4050123474413736,0.4803017977801952,192.47606981375108,0.9868084803426262,0.39966961909862164,0.47396588717330584
39,6341,61.446007,403,2643.1172,1.5702388,4,32.190781,0.5057328168998965,1.1109145548147294,537.9663734816663,0.9936586664525203,0.5025257964220278,1.1038698750798994
40,0,93.946342,403,1728.7422,1.9879279,2,63.869892,0.7729184465406616,0.0,65.11864208122037,0.9822056133257573,0.759164836835262,0.0
41,0,38.186752,403,4253.0195,1.9699368,2,61.071487,0.31438694290034785,0.0,26.469039483541852,0.9833653042574912,0.3091572117597831,0.0
42,1358,122.60536,403,1324.6484,1.9913223,4,139.7032,1.0083474812062991,1.0032456326216852,884.627095078596,0.9423081419129293,0.9501740414180901,0.9453665279580015
43,0,45.702549,403,3553.6094,1.2483665,2,6.8909578,0.37622877602538873,0.0,31.678592983752747,0.9993906602880331,0.3759995248913718,0.0
44,0,42.042366,403,3862.9844,0.99999785,2,59.575542,0.34611331745255347,0.0,29.141547456969306,0.983974472434668,0.34056666894298904,0.0
45,0,45.783272,403,3547.3438,1.2349391,2,6.1779051,0.37689292668305807,0.0,31.734545903609085,0.9994850687537419,0.3766988527386153,0.0
46,0,101.38706,403,1601.8711,1.1873609,2,101.22942,0.8340586550791811,0.0,70.276154784262,0.9644404731894967,0.8043999239723606,0.0
47,0,61.266998,403,2650.8398,0.39662719,1,6.1546845,0.5042605937178591,0.0,42.467046925071806,0.9994880532600718,0.5040024391508311,0.0
48,681,65.155609,403,2492.6328,0.96528411,2,166.47685,0.5362402725508808,0.8341576847070625,425.2377472107043,0.9249299783566949,0.49598470368447434,0.771537449262174
49,1358,71.651978,403,2266.6367,0.81148154,2,55.513908,0.5896592312847477,0.9336293843763737,516.9862162206894,0.9855896919759439,0.5811620601327064,0.9201754973672003
50,2031,74.826019,403,2170.4883,0.52488238,2,115.77197,0.6157559387483775,0.9912399685106625,569.9698261506431,0.956494715726159,0.5889673015898235,0.9481157918970129
51,2700,78.862503,403,2059.3945,0.58491051,2,74.32534,0.6489405946248362,1.0353469228800656,623.1515873845375,0.9776491189050481,0.6344362005566891,1.012206006914749
52,3365,83.664764,403,1941.1875,0.73428929,2,53.354904,0.6884166209315193,1.072482500727314,679.5065910346403,0.9864247103860356,0.6790711659273072,1.057923240174032
53,4026,91.591957,403,1773.1797,0.92377543,2,42.044392,0.7535702287415561,1.10940026475441,760.3071481054857,0.9905163506958674,0.7464236329661362,1.0988791017055672
54,4683,102.67881,403,1581.7188,0.91174972,2,51.117931,0.8446717766982161,1.1470849079521817,867.853746244753,0.9872721773394513,0.8339209441180306,1.1324850146671743
55,5336,114.37537,403,1419.9648,2.4328976,4,173.70691,0.9407564607691884,1.1820703125699248,981.6387745540284,0.9199816104784537,0.8654786438464482,1.0874829498568486
56,0,46.103977,403,3522.668,0.24689287,1,0.17417675,0.3795315112193168,0.0,31.956841670150563,1.0,0.3795315112193168,0.0
57,678,47.432751,403,3423.9844,2.1139424,3,88.9254,0.3904637080619418,0.8011146167584686,309.3608036944981,0.9707329319804698,0.37903598015893497,0.7776683407783587
58,0,60.689274,403,2676.0742,0.98934996,2,56.978523,0.49950915198181095,0.0,42.06659916332999,0.9850138510612296,0.4920234334339326,0.0
59,2037,52.437309,403,3097.2031,1.4363078,3,170.99911,0.4316343683917865,0.9478185024026413,399.5835565709768,0.921847192293737,0.3979009305994489,0.8737438252439296
60,1362,50.008484,403,3247.6289,1.8958583,3,42.015617,0.4116539499591374,0.8925184962769054,360.9700809324674,0.990526125369199,0.40775399204595053,0.884062887937507
61,1362,42.1614,403,3852.0781,1.9829843,3,90.561348,0.34709275159379016,0.8740844542593227,304.32844095466146,0.9699199961204407,0.33665220027928205,0.8477919904841398
62,2037,46.754063,403,3473.6875,2.9646988,3,95.081436,0.3848799906741808,0.9344957285286616,356.27600145696863,0.9676356534088988,0.37242360126002183,0.9042513848826563
63,1593,53.52787,403,3034.1016,3.1102054,4,91.642838,0.4406053383017113,0.9196053771895709,394.7481832248677,0.9693785198337063,0.4271133506737423,0.8914456993711434
64,2923,122.73167,403,1323.2852,3.0459292,5,184.05472,1.0093846762842946,1.1099520864404138,979.5275653569015,0.9127186685399109,0.9212842377827903,1.0130739904789905
65,627,93.932121,403,1729.0039,2.7922385,3,14.522428,0.7728015936800413,0.8639547401805521,605.3109169442679,0.9980975372815193,0.7713313674592825,0.8623110984969039
66,415,85.00499,403,1910.582,1.0256456,2,49.832153,0.6994327942992075,0.7980546530803703,512.8424339531449,0.9877509834860226,0.6908654304514191,0.7882792684557324
67,276,82.945213,403,1958.0273,0.42843473,2,46.359661,0.6825020103476961,0.7418350511012712,466.78423195836706,0.9890130803666863,0.675003415610431,0.7336845690136464
68,140,81.226555,403,1999.457,2.2065248,3,160.298,0.6683743755605875,0.6509701565967738,402.544759064737,0.9290746280213489,0.6209696743529542,0.6047998560931469
69,193,53.498119,403,3035.7891,1.8549542,3,111.89631,0.4403605808534789,0.6569045172145034,282.09555787099083,0.9586641830864099,0.4221579165073573,0.6297508323612143
70,166,52.717358,403,3080.75,1.3962349,3,30.033371,0.4339380658783122,0.637049596076337,270.1218434813062,0.9942887019920195,0.43145971626707447,0.6334112159872815
71,5352,52.520573,403,3092.293,3.0500784,4,92.56237,0.43231929639060257,1.0681511895900753,450.9205907970526,0.9689156058881282,0.41888091299943,1.0349483570417928
72,2793,60.774704,403,2672.3125,2.7390175,4,97.995926,0.5002117638033576,1.0055003860665068,482.2829744253175,0.9661334597253712,0.4832713219586681,0.9714475667456307
73,696,49.317417,403,3293.1367,2.2444017,3,132.0768,0.4059687637803818,0.8081945888349423,322.94125209829775,0.9469729039021464,0.3844414191306727,0.7653383767070265
74,0,47.926815,403,3388.6875,0.24037765,1,127.91047,0.3945284171975055,0.0,33.220336690468095,0.9494653619484126,0.3745910664333639,0.0
75,679,68.000572,403,2388.3477,2.8227677,4,54.05954,0.5596351411915375,0.8383570391340578,443.60596829580595,0.9861540130555662,0.5518864403329531,0.8267491585154334
76,0,62.962666,403,2579.4492,0.47891119,1,40.041595,0.5182060420117377,0.0,43.642394418437526,0.9911886010707396,0.5136399218480192,0.0
77,3908,83.684303,403,1940.7344,3.765836,5,44.097191,0.6885771789424056,1.0922658100931992,692.177360573603,0.9898104289978853,0.6815608728871361,1.0811360900680722
78,0,82.439316,403,1970.043,2.4161065,3,182.90823,0.6783435110625716,0.0,57.14257945269039,0.9135336897798221,0.6196896505991906,0.0
79,5183,104.18686,403,1558.8242,1.9380832,4,206.21045,0.857061655365394,1.163147419909224,891.1649242530644,0.8964778640209425,0.7683368021362216,1.0427359145416915
80,734,108.37427,403,1498.5938,1.2320843,3,83.797249,0.8914621482418271,0.9023264590677075,715.4034952192553,0.9732325577577783,0.8675999866776372,0.8781734876909841
81,454,102.05878,403,1591.3281,0.97773355,2,76.902618,0.8395775939596916,0.8299600025823705,624.8541466978106,0.9764737743182765,0.8198255020068774,0.8104341762548138
82,174,86.312981,403,1881.6289,1.3135331,2,29.614304,0.7101837164349978,0.6848498863195297,446.279886824532,0.9944085142845404,0.7062127343291994,0.6810205579629399
83,0,80.568916,403,2015.7773,1.3376288,2,225.58972,0.662968392293028,0.0,55.84611696617107,0.8815340656850527,0.5844292222787558,0.0
84,104,84.286217,403,1926.875,0.93221301,2,98.544861,0.6935247605917267,0.6151792262995873,393.0636394526131,0.9658479927560888,0.6698394979441663,0.5941696209067001
85,378,87.220314,403,1862.0547,1.2267824,3,62.91692,0.7176412648117928,0.7884079412119133,518.1036018760494,0.9826034571908341,0.7051567878268705,0.7746923687115338
86,0,86.236176,403,1883.3047,4.0242629,4,240.66322,0.7095524519651211,0.0,59.77436225667122,0.869454881331154,0.6169238429215637,0.0
87,1190,108.92651,403,1490.9961,2.0172966,4,151.69521,0.8959987052788462,0.968989645463443,771.5687172182352,0.93471294475661,0.8375015883093002,0.9057271649497983
88,670,58.118671,403,2794.4375,1.4827344,3,52.925026,0.47836669783836283,0.8201099578718186,378.3675626178709,0.9865889778665777,0.4719513114657604,0.8091114450749597
89,403,52.850376,403,3072.9961,1.1947509,2,115.30576,0.4350322826706567,0.7472454101404826,317.3076889581178,0.9567576377180277,0.41622045909905875,0.7149327534016469
90,329,51.842762,403,3132.7227,0.74628925,2,112.77329,0.42674351150306433,0.720329153542773,300.79784203049974,0.958176521469731,0.4088956134117843,0.6902024826548501
91,447,52.563469,403,3089.7695,1.0252428,2,34.870102,0.4326721550834779,0.7596028685158827,321.00630824213044,0.9928462228736009,0.4295769149172119,0.7541688388899466
92,624,55.150513,403,2944.832,1.1377084,2,75.397331,0.45395277796167777,0.8058445938015172,355.13347635291075,0.9771626869122088,0.4435857162442943,0.787441268512768
93,870,57.621136,403,2818.5664,0.77985966,2,36.615334,0.47427444806346936,0.8520580905030612,390.14057822242097,0.992299730310562,0.47062240690657126,0.8454970134151201
94,1126,60.301537,403,2693.2812,0.73507488,2,41.400894,0.49632022535769804,0.8895752850288422,423.8113486986988,0.9907341380050387,0.49172139064422554,0.8813326032036366
95,1373,63.222607,403,2568.8438,1.2194414,2,65.388092,0.5203437768511516,0.9201647129525298,456.8597723454538,0.9815656381687141,0.5107515713920197,0.9032020636895816
96,1607,71.717606,403,2264.5625,1.3120141,2,163.12434,0.5901988463086135,0.9555146519719886,529.5174877189498,0.9271885138765845,0.5472255912005581,0.8859422101492099
97,1838,77.368126,403,2099.1719,2.8725171,4,43.316845,0.6366554647843743,0.9825181169703409,581.6165003770825,0.9900807645823799,0.6303403293492638,0.9727722884660353
98,752,88.016685,403,1845.207,2.0503616,4,152.77325,0.7241866085318899,0.8806288936491892,583.1450730563604,0.9340149515887393,0.6764011201091263,0.8225205534693925
99,113,81.460495,403,1993.7148,1.4815888,3,231.4259,0.6702974656430702,0.6232448130022237,386.5245199178739,0.8769036538386026,0.5877862967811635,0.5465256537576065
100,98,83.618324,403,1942.2656,2.5255899,3,16.206657,0.6880348922422774,0.6067643639986916,385.0766126870925,0.9977529188019758,0.6864888219723352,0.6054009152047191
101,5978,105.28226,403,1542.6055,1.4654402,3,126.80169,0.8660609926524067,1.1842307067203324,915.5530465237498,0.9501219102077041,0.822863524695285,1.1251635411957417
102,6596,110.61635,403,1468.2188,1.5792633,3,174.43089,0.9098799257541577,1.205724625165505,972.8179072400878,0.9194803324759546,0.8366166966456298,1.1086400792216242
103,0,86.236,403,1883.3086,3.9956169,4,232.7506,0.7095509841658637,0.0,59.77424026276744,0.8758444247591295,0.6214562735640251,0.0
104,1121,88.085304,403,1843.7695,2.7166367,4,83.558586,0.7247506108354086,0.933743878433042,618.689942750858,0.9733470686974806,0.7054338825933535,0.9088568669870181
105,1415,106.4568,403,1525.5859,3.2753716,5,228.97813,0.8757102121631044,0.9895654612291903,772.4821839863029,0.8788529114963958,0.7696204695866707,0.8696824867175477
106,2121,91.430626,403,1776.3086,2.2937737,3,132.93608,0.7522443363240592,1.0235348270567544,700.4121242900278,0.9464538931709966,0.7119645807297383,0.9687285218639679
107,2652,97.652679,403,1663.1289,2.1741157,3,33.554245,0.8033747853312538,1.062708543097065,769.8764576966114,0.993249304390762,0.7979514466953456,1.0555345212012799
108,1619,79.065559,403,2054.1055,2.133153,4,58.227486,0.6506098897096315,0.9686889473381661,584.3576165774049,0.9845168911421833,0.6405364259632852,0.9536906309171654
109,10373,114.80647,403,1414.6328,1.7932984,4,70.234695,0.9442973313806985,1.2742709836770316,1061.6331479059663,0.9794728945275701,0.9249136404621129,1.2481138887946361
110,525,102.76231,403,1580.4336,3.1169872,4,54.434155,0.8453577910544662,0.850414385034047,644.0320056013775,0.9860093749213893,0.8335307071425406,0.8385165562115784
111,0,68.378578,403,2375.1445,1.7957382,2,115.35166,0.5627434817640943,0.0,47.396418551398305,0.9567317757149504,0.5383945705801757,0.0
112,11069,117.05582,403,1387.4492,2.2237172,4,119.40733,0.962771846992583,1.2866522516514702,1090.0336701843016,0.9544264101231618,0.918894877692777,1.2280148896205956
113,0,84.392632,403,1924.4453,1.9978654,2,119.48594,0.6943994582074906,0.0,58.49651493083302,0.9543813329333029,0.6627218805122282,0.0
114,26931,79.711464,403,2037.4609,4.1862917,5,154.73314,0.6559196955363875,1.338559614231798,813.1452195855832,0.9327396706797395,0.6118023208069651,1.2485276537637664
115,4925,106.37782,403,1526.7188,2.9721138,4,73.661125,0.8750612425165222,1.159480296659922,904.4758787249004,0.9779487600929871,0.8557650571244616,1.1339123184708197
116,1640,108.9228,403,1491.0469,3.0179853,5,86.172165,0.8959682194754678,1.012835436437457,806.4284982649597,0.9720841964541456,0.8709565466772616,0.9845613213695892
117,4645,106.37318,403,1526.7852,3.0454426,5,164.31401,0.8750232358256521,1.1514928520854961,898.2126990680396,0.9263896848108026,0.8106124996386544,1.066731100305375
118,7738,89.499458,403,1814.6367,1.2933567,3,46.702671,0.736373195909984,1.193028500217697,801.3921953561718,0.9888904570384922,0.7281924262543192,1.1797744988402252
119,7196,85.450661,403,1900.6172,1.50404,3,120.93421,0.70309601562856,1.1761115598326652,758.9350435643615,0.953548201723166,0.6704359413413363,1.1214790629042657
120,0,57.837563,403,2808.0195,0.51524156,1,57.263271,0.47605455143153524,0.0,40.08994372390821,0.9849010264405282,0.4688666163466043,0.0
121,674,62.434891,403,2601.2539,2.0301754,3,99.241714,0.5138655789918789,0.8283273082150734,406.8378044376972,0.9654844541643797,0.4961292280468371,0.79973713904148
122,39044,116.23832,403,1397.207,1.9536661,4,256.40625,0.9560576616514688,1.4594039621168784,1228.9291403794919,0.8564286012930433,0.8187951259236651,1.2498752939972837
123,4793,109.00419,403,1489.9336,3.0078852,5,110.98163,0.8966368024598191,1.1596254170424527,923.8463712460685,0.9591707732052808,0.8600278150996953,1.1122788078931056
124,0,85.675697,403,1895.625,1.0677053,2,39.982697,0.7049456940050678,0.0,59.38586781805816,0.9912081200943045,0.6987478961233381,0.0
125,745,71.59214,403,2268.5312,4.1072435,4,176.73108,0.589167227733478,0.8559195591463091,473.6582649831546,0.9178807924551794,0.5407852818806259,0.785632123227102
126,0,55.626144,403,2919.6523,2.3057165,2,63.427395,0.45786508291433814,0.0,38.557104879021516,0.9823907185158219,0.449802407787523,0.0
127,759,86.316566,403,1881.5508,3.0321705,4,140.83711,0.7102131636621464,0.8795819151872194,572.6787681196698,0.9416034487180047,0.6687391642292018,0.8282173647702733
128,4845,109.00476,403,1489.9258,2.0104673,4,20.991585,0.8966414902043833,1.1611024034536666,925.0269546156687,0.9966752600313099,0.893660390404315,1.157242039885162
129,2010,65.490799,403,2479.875,1.9014517,3,82.170403,0.5389967555120088,0.9730356399699837,498.180945850314,0.9740098675251531,0.5249881584327389,0.9477463147844163
130,2672,71.157898,403,2282.375,1.6168797,3,29.915394,0.5855967486014191,1.020256727585504,561.5305091379674,0.9943225174959157,0.5822720333067859,1.0144642378649629
131,3,72.905388,403,2227.668,4.0167089,4,143.31931,0.5999649152189325,0.1798034014776016,117.3366954679181,0.9400509126038192,0.5639975660818305,0.16902435164829027
132,5922,91.016304,403,1784.3945,2.3997638,3,44.609177,0.7488393927468803,1.1599895605639097,790.6374420123074,0.9896317496294074,0.741075238435518,1.1479624983727093
133,5280,83.876419,403,1936.2891,0.81476271,2,102.22513,0.6901563717127476,1.132336044309813,718.993704041659,0.9639136219849801,0.6652511279936468,1.0914741377748167
134,4634,77.40976,403,2098.043,1.7747779,3,50.955814,0.6369977055642988,1.1034225812774014,653.4627877114918,0.9873328841133697,0.6289287818083983,1.089445399568436
135,5329,109.092,403,1488.7344,2.3732839,5,141.1965,0.8973580891313482,1.174256289034568,936.1505377924286,0.9413795034066598,0.8447545123244177,1.1054208022435088
136,0,88.41066,403,1836.9844,0.9963131,2,47.833878,0.7274246440515574,0.0,61.28159971044393,0.988482859391055,0.7190467921436038,0.0
137,853,88.784096,403,1829.2578,3.6506629,5,141.82367,0.7304938565101903,0.8983971584174645,599.3904409238223,0.9409880136540817,0.6873859630240338,0.8453809575717213
138,300,93.491516,403,1737.1523,2.459095,3,59.01897,0.7691808087114435,0.7648510275561475,533.8764788617349,0.9841991752067415,0.757027117518657,0.7527657504767891
139,16,88.59642,403,1833.1328,2.4949751,3,116.90001,0.728951372122152,0.37698685007907123,256.0765902187069,0.9558563571180279,0.6967728030728682,0.36034527719798115
140,873,77.590195,403,2093.1641,3.1967072,5,86.517517,0.6384810490912701,0.8856172232586337,525.6133523161451,0.9719158706965957,0.6205498647508176,0.8607454346473163
141,468,76.837517,403,2113.668,2.5430441,4,123.8117,0.6322932391029059,0.8032025735155287,472.76070302578245,0.951878058556614,0.601866060875747,0.7645509063056375
142,543,80.482201,403,2017.9492,1.5070767,3,84.252068,0.6622555520635701,0.8275761774394208,507.10110878403196,0.9730138822208774,0.6443838457357047,0.8052431092438445
143,21084,117.74601,403,1379.3164,2.100929,4,57.192211,0.9684403751279337,1.376795304609107,1172.3222048293967,0.9849292086826095,0.9538452123310452,1.35604590988658
144,10324,96.649101,403,1680.3984,3.0200412,4,72.06057,0.7951282957629815,1.244159179931767,893.2716097189182,0.9786652412151629,0.7781644253698796,1.217615343937982
145,819,80.604218,403,2014.8945,3.0653441,4,85.482353,0.6632585752930392,0.8816651678210872,540.8964676083414,0.972419401775291,0.644965507008789,0.8573483150586931
146,2854,60.284401,403,2694.0469,0.98602295,3,75.145958,0.49617926623842,1.0072044352234388,479.6936685955377,0.9772770643013016,0.484904616676657,0.9843177936064128
147,2219,58.126881,403,2794.043,1.5454624,3,67.986137,0.4784341916724338,0.9708862989247391,447.9090523346853,0.9804531336442417,0.4690823024677875,0.9519085141930204
148,613,76.471901,403,2123.7734,3.0674129,4,83.467377,0.6292874737196198,0.8378611629176687,491.0736623230955,0.9733907877032665,0.6125426297357394,0.8155663373584043
149,487,76.811966,403,2114.3711,2.864758,4,141.0815,0.6320831788840657,0.8083535577432915,475.64753700121923,0.9414511939987888,0.5950754634669537,0.7610254221105908
150,470,76.839218,403,2113.6211,3.0743871,4,127.77705,0.632307256051836,0.8037605989987384,473.09745049482734,0.9495445160832338,0.600403887463658,0.7632064690230271
151,125,65.865128,403,2465.7812,1.3413424,2,68.189041,0.5420750318490014,0.6191249276164382,319.06300250554216,0.9803653371249145,0.531431571345645,0.6069686183851277
152,7,68.256325,403,2379.3984,2.4188952,3,35.365604,0.5617382511831565,0.2674226056019395,149.97447484864864,0.9926924294541448,0.5576333092843302,0.2654683960459469
153,425,77.510635,403,2095.3125,4.0030584,5,221.3277,0.6378270155670015,0.7915449630113673,469.4651749231991,0.8848779566668707,0.5643990662418567,0.7004206894794526
154,22007,118.62891,403,1369.0508,1.636685,4,187.93057,0.9756914715241527,1.3841466937292337,1186.19499638277,0.9099445923475178,0.8878251783129949,1.2594967989746122
155,674,66.377968,403,2446.7305,1.7272537,3,83.701248,0.5462922818931552,0.8348200076198559,432.53165548340144,0.9732786388839852,0.5316946085537965,0.8125124807293715
156,0,64.279228,403,2526.6172,0.19922771,1,125.88272,0.5290332489181703,0.0,44.554965656769895,0.9506638920121057,0.5029328074203568,0.0
157,615,88.095757,403,1843.5508,3.3858232,4,20.429295,0.7248364946585956,0.8540331243806486,566.0037002867963,0.9968090509494959,0.722523578334194,0.8513079481933071
158,611,89.618095,403,1812.2344,2.5951984,3,24.055986,0.7373482569762577,0.8551116784038918,575.2016385734003,0.9959147509911621,0.7343360057402771,0.8516183342672466
159,6223,109.53835,403,1482.668,5.2719998,6,54.144588,0.9010247224203437,1.196142231787113,956.9630331924166,0.9861212201610907,0.8885195986684574,1.1795412370961182
160,22192,118.75224,403,1367.6289,3.9163396,5,42.452911,0.9767043997000697,1.385504307667479,1188.4222167240002,0.9903772176990102,0.967305785889337,1.3721719013377112
161,39518,116.17888,403,1397.9219,1.4174519,4,291.5162,0.9555694303992007,1.460966693156636,1229.7025760936945,0.8259306156366807,0.7892340479332042,1.206657120303546
162,25084,105.17493,403,1544.1797,3.7764544,5,192.16936,0.8651792366607626,1.3793252503730131,1065.4288983669232,0.9068778068846858,0.7846118487050789,1.2508794580389482
163,43382,120.69235,403,1345.6445,2.1019723,5,317.19385,0.9926375780752021,1.481620277396937,1288.73432529266,0.8024181640996475,0.7965104230154242,1.1888790228816606
164,17930,100.8299,403,1610.7227,2.6319721,3,31.007381,0.8294808354755389,1.3260072878820348,987.5625350407009,0.9940069805763674,0.8245097407170029,1.3180605004498793
165,18067,103.91968,403,1562.832,2.643765,3,26.97575,0.8548665751891364,1.332472501886419,1018.6158234697202,0.9951431115695646,0.8507145836105344,1.3260008316081335
166,21683,115.96113,403,1400.5469,3.8583288,5,79.759583,0.953780991271213,1.377765091618899,1157.7995298299509,0.9751476276520945,0.9300772709377864,1.3435243605540401
167,366,59.237297,403,2741.668,3.6666479,4,95.010422,0.48756721753009724,0.7458699019964423,349.9788637089456,0.9676719713641169,0.4718051305598664,0.721757398446058
168,1152,67.161346,403,2418.1914,1.9491985,4,22.827093,0.5527342063054875,0.9047881080007135,473.55394189688565,0.9962259828050658,0.5506481779066623,0.9013734221233468
169,2796,58.1651,403,2792.207,2.6819077,4,126.96643,0.4787485582085962,1.0000808060596815,461.63663159470246,0.9500245428792838,0.4548228801662378,0.9501013106191947
170,1889,51.494427,403,3153.9141,3.0718274,4,163.39166,0.4238780049768677,0.936329171128727,388.51829752517494,0.9270092693772128,0.3929388396986767,0.8679858208246125
171,267,66.369385,403,2447.0469,1.8967555,3,188.12283,0.5462217046910645,0.7164384327691768,371.31755351667556,0.9098062336693542,0.4969559118934316,0.6518201521736996
172,4,60.201126,403,2697.7734,1.922267,2,100.87894,0.49549438948704616,0.20369296767862594,107.86593756869127,0.9646253041344638,0.4779664261558624,0.19648739089704603
173,18,58.05278,403,2797.6094,2.3185887,3,60.394905,0.47782471818617517,0.37094862802114587,173.91058661552964,0.9836417553088729,0.47000834452661683,0.3648805595961381
174,680,45.474159,403,3571.457,2.4963346,3,47.803772,0.37434970466592066,0.797348608877695,296.7202361404892,0.9884937705045325,0.37004235105247407,0.7881741327960564
175,0,42.914387,403,3784.4883,0.5324865,1,79.557861,0.3532884473950089,0.0,29.745986354508368,0.975242056249236,0.3445417518866085,0.0
176,2406,57.69598,403,2814.9102,2.9463081,5,152.36308,0.47489003113637307,0.9801586944177281,449.2527372926748,0.9342808138730861,0.44368064479030583,0.9157434627453765
177,7203,83.981636,403,1933.8633,1.6047397,3,64.830055,0.6910211958594219,1.1735496068651785,745.9694439181675,0.9818017461635217,0.6784458167307853,1.1521930532297466
178,6629,76.335289,403,2127.5742,0.96089602,2,97.323219,0.6281643403579771,1.148119981648186,671.713207714643,0.9664822018953407,0.607109654821312,1.109637527903377
179,6054,71.492668,403,2271.6875,0.78063214,2,143.72183,0.5883493543357945,1.1266613997038581,622.615689894128,0.939797872260617,0.5529294713506875,1.0588339861998544
180,5479,67.746391,403,2397.3086,0.73418164,2,53.360332,0.5575450246735109,1.106060695419426,583.2315827162466,0.986422631948337,0.5499750306681451,1.0910433022702382
181,4902,64.399101,403,2521.9141,0.53774625,2,162.91296,0.5300190575370084,1.0847132259642873,547.2510976304501,0.927330145212748,0.49150264959131784,1.005887273347651
182,4321,62.936264,403,2580.5312,0.36949587,2,73.243675,0.5179889298477273,1.065491516894246,526.8838287515316,0.9781363894275958,0.5066638216047202,1.0421960253006701
183,3746,61.380512,403,2645.9375,0.40600136,2,211.66827,0.5051941643586251,1.0439990728420425,505.0988609858867,0.8923373514604381,0.45080362259704476,0.9315993675870212
184,3181,59.876785,403,2712.3867,2.231005,4,128.5267,0.4928268225696681,1.0200558720133044,482.94096526779293,0.9490992347471681,0.46774156016375035,0.9681342475271824
185,1356,57.301022,403,2834.3125,2.0505366,4,62.733822,0.47164146143500296,0.9072296740627457,413.3562965264091,0.982679552378658,0.4634724202061648,0.8915160500126147
186,0,50.17469,403,3236.8711,1.9977484,2,31.088196,0.41302124452756606,0.0,34.77844490896928,0.9939834032464822,0.4105362622486076,0.0
187,2689,60.095837,403,2702.5,2.2331872,3,146.53616,0.49462842395502565,0.9992729958319233,474.6169778661756,0.938018779480382,0.46397075053459813,0.9373368359179656
188,2965,61.259327,403,2651.1719,1.2124977,3,96.853104,0.5041974749492737,1.0140896902626162,489.7871027176603,0.9667252018440063,0.48742040573957496,0.9803460605070535
189,3084,61.52293,403,2639.8125,2.1485608,4,84.621155,0.5063654489432413,1.0196339898708586,494.314042614356,0.972835990957939,0.49261053330955984,0.991936642950414
190,88,58.993294,403,2753.0078,2.7878509,3,59.138355,0.48556035761001,0.5666369469875109,265.45859482583637,0.9841510654806658,0.4778647432970644,0.5576563551184703
191,296,64.315125,403,2525.207,1.8604149,2,138.20384,0.5293284533425109,0.7266801668465962,366.4092797212809,0.9432355625614466,0.4992814214683037,0.685430575977795
192,553,75.275932,403,2157.5156,2.0603743,3,93.826813,0.6194549243294962,0.8227507972710076,475.66621404054484,0.9682752867079341,0.5998028944577846,0.7966492641167663
193,3230,62.584415,403,2595.0391,1.3343823,3,100.87741,0.5150952762268257,1.0277309226128817,505.7356717222256,0.9646261102990983,0.4968743527401225,0.9913760823141676
194,3489,63.594528,403,2553.8203,1.4441099,3,84.977592,0.5234024366213723,1.039652907547819,518.8005667850094,0.9726638272927737,0.5090946172185074,1.0112327761115216
195,109,58.719929,403,2765.8242,2.2431705,3,79.144402,0.48331197212104976,0.593032398023389,276.54327904441595,0.9754352266933075,0.47143952308948567,0.5784646916024202
196,269,60.85387,403,2668.8359,0.93239963,2,56.489185,0.5008628843825137,0.7095123218359126,340.9106104503666,0.9852070794888321,0.4934536595468489,0.6990165624572998
197,483,64.613777,403,2513.5352,2.5141635,3,187.27275,0.5317844777470683,0.7894739431167415,399.58121737383186,0.9104174523814044,0.48414586944646154,0.7187508560138455
198,0,66.467003,403,2443.4531,0.88094175,2,63.121368,0.5470244236482665,0.0,46.071415729719426,0.9825183576875338,0.5374615383378646,0.0
199,1546,75.672981,403,2146.1953,2.005353,4,96.270699,0.6227192530336357,0.9571507361621537,555.7967854350061,0.9670254253888793,0.6021853505626967,0.9255890977984856
200,4241,74.004128,403,2194.5938,3.2199714,4,92.753685,0.6089986107519592,1.0854661091372448,618.158393835661,0.9688190028223388,0.5900094267889027,1.0516201934517895
201,0,57.301178,403,2834.3047,0.99711561,2,156.70316,0.47164275847597287,0.0,39.71814997346357,0.931449623902005,0.43931146999854914,0.0
202,0,74.393433,403,2183.1094,1.0515634,2,68.348633,0.612199358341677,0.0,51.56559833612519,0.9802961896101523,0.6001366982641262,0.0
203,3039,94.289787,403,1722.4453,1.2206697,3,63.636162,0.7757407976851262,1.0759900821392152,756.1985934835193,0.9823034675745839,0.7620128755051732,1.0569487887612123
204,2403,90.270126,403,1799.1445,2.1992066,3,116.93497,0.7427069691445449,1.038437634965682,702.7804797763264,0.9558365237538937,0.7099064475549123,0.9925766191408124
205,5022,81.923897,403,1982.4375,2.5872025,4,246.25757,0.6741066788882829,1.122233029839524,698.1539516942037,0.864873304753291,0.5830168711263748,0.9705893892206078
206,258,69.173569,403,2347.8477,2.9566615,3,51.555,0.5692805421331634,0.7158525836022461,384.65219449008515,0.987108030089561,0.5619413945133842,0.706623833634136
207,0,60.531906,403,2683.0312,2.0820112,2,255.634,0.4982149081121913,0.0,41.957519977819636,0.8570771701668078,0.42700862357971314,0.0
208,13,70.836502,403,2292.7305,2.5997853,3,61.618679,0.5829541083741061,0.34101606922131367,191.82880348647709,0.9831405950908013,0.5731258490175462,0.33526674122976824
209,6056,82.981636,403,1957.168,2.7272961,4,49.179562,0.6828013588351621,1.1488215765601841,722.6982697467506,0.9879916480780698,0.6746020398254974,1.1350261227733427
210,20221,122.33443,403,1327.582,1.5489274,4,85.841576,1.0061226555311118,1.3782863984070515,1212.8939852429844,0.9722450103812026,0.978197731671609,1.3400320737275342
211,25602,120.59573,403,1346.7227,3.6289418,5,67.639305,0.9918440407256189,1.4082896025993403,1224.1074238608671,0.9806029037449533,0.9726051463976696,1.3809728736227393
212,0,94.079842,403,1726.2891,1.9997926,2,66.556122,0.7740155119802392,0.0,65.21117722982513,0.9810681673130449,0.7593619798103215,0.0
213,0,78.527214,403,2068.1875,1.0490737,2,87.98822,0.6461842575063209,0.0,54.430916981327464,0.9711952801003721,0.6275711009653023,0.0
214,20034,122.57897,403,1324.9336,3.8766885,5,68.058296,1.0081307554397347,1.3773763794409541,1214.1797474037403,0.9804219254882749,0.9883934963921739,1.350410002053569
215,23829,122.35496,403,1327.3594,1.326841,4,34.417732,1.0062911298376997,1.4011419661167357,1233.184139490608,0.992985673662885,0.999232675462874,1.391313899121766
216,26613,126.60539,403,1282.7969,3.5115557,5,66.387962,1.0411938047066946,1.423243750984391,1290.011469044852,0.9811400594505737,1.0215569514494953,1.3964014584534827
217,4350,94.171684,403,1724.6055,2.7127247,3,36.776592,0.7747702486679018,1.123907759849478,789.0071697665021,0.992248561403511,0.7687646646589661,1.1151958578608874
218,4325,91.887093,403,1767.4844,2.6480634,3,38.628494,0.7559956858542335,1.1194530198482067,769.3366075946097,0.9916529050659181,0.7496853180946518,1.110108839217289
219,22909,122.35352,403,1327.375,2.0611711,4,418.97003,1.006279321174512,1.3956662201069465,1228.352554613068,0.7,0.7043955248221584,0.9769663540748625
220,651,74.848518,403,2169.8359,3.0355196,4,99.502449,0.6159409063025281,0.8433397920731275,485.13644242903524,0.9653481027943961,0.5945973853326063,0.8141164682888141
221,1786,83.671837,403,1941.0234,2.0476975,3,78.150711,0.6884747618512298,0.9888780006931605,626.6060838290982,0.9758974169269019,0.6718807417099791,0.9650434865322944
222,1273,78.994804,403,2055.9453,1.3195775,3,99.479988,0.6500282454477128,0.9370857792867897,564.8682601050359,0.9653598558266981,0.6275111733086856,0.9046249927895444
223,8528,91.770874,403,1769.7227,2.5847297,4,60.72121,0.7550406012105432,1.2100131560299336,830.6498085325909,0.9835086200578641,0.7425889397842413,1.190058369338861
224,8906,96.305458,403,1686.3945,1.4487964,3,133.21173,0.7923045073804533,1.2236866577069105,875.869733132775,0.9462870421078085,0.7497474887377334,1.1579588277882626
225,3317,65.848541,403,2466.4023,3.9286809,4,32.770645,0.5419386347948091,1.0378131349461983,533.8617000277139,0.9934856135679024,0.5384082371052723,1.031052419140852
226,6820,69.765892,403,2327.9141,2.6446218,5,114.58288,0.5741510266779221,1.1384760632296587,615.8868735311044,0.9571642583829258,0.5495568416499688,1.0897085967479292
227,148,59.606297,403,2724.6953,2.5033994,4,18.43619,0.49060214853723,0.6325132108786784,298.66541549858374,0.9972682517356463,0.4892619469694752,0.6307853440126797
228,2228,69.589104,403,2333.8281,3.56792,4,29.831667,0.5726973541359344,0.9939094772842145,536.5150722552148,0.9943464753518274,0.5694595955283837,0.9882903855563359
229,1422,61.694195,403,2632.4844,1.7169139,4,70.747704,0.50777395857283,0.921757828559948,447.97543676300864,0.979247021727794,0.49723613664337607,0.9026286083716076
230,5386,71.25692,403,2279.2031,2.6228642,4,61.680172,0.5864109918956215,1.1110641261403342,612.2344357014304,0.9831152796917026,0.5765096063117527,1.0923041191258718
231,5798,75.977486,403,2137.5938,2.8317118,3,120.48936,0.6252226813268793,1.1299547794252798,658.391505321116,0.9538046405448892,0.5963402948234959,1.0777561122217085
232,7682,91.029854,403,1784.1289,3.0109277,5,86.61335,0.7489507462682939,1.1947554111880068,814.4345932928188,0.971869101605647,0.7278820889226457,1.1611458681097735
233,2958,79.378181,403,2046.0156,3.3351443,5,136.05353,0.6531798745021117,1.0481949324313309,634.4653989999797,0.944556849312941,0.6169655242943368,0.9900797028431291
234,7724,90.92057,403,1786.2734,1.9988904,4,43.307938,0.7480526034701219,1.1952920133150131,813.9524505476581,0.9900838362306992,0.7406347913460604,1.183439301958844
235,0,-1.0,1,-1.0,0.0,0,33.417068,1.0,0.0,-0.6931471805599453,0.993290875071969,0.993290875071969,0.0
236,484,78.228752,403,2076.0781,3.5599604,5,93.600746,0.6437306531387664,0.8094774924729746,483.93938025937297,0.9683900872291394,0.623382383345121,0.783889979545929
237,6894,90.719208,403,1790.2383,2.0171478,4,52.611008,0.7463977154078042,1.1797668528221135,801.8395745679296,0.9867085502202314,0.7364770076577274,1.1640860409459928
238,674,83.408806,403,1947.1445,2.6208692,3,119.37282,0.6863126733735578,0.8599532931296384,543.5078841382109,0.9544461944373891,0.6550485192955431,0.8207791480214839
239,0,77.141037,403,2105.3516,0.39406288,1,28.274191,0.6347885054332494,0.0,53.47009230202042,0.9947859222161033,0.6314786687895969,0.0
240,102,85.783531,403,1893.2422,2.2855566,3,44.695824,0.7058319894873419,0.6140641957888322,398.4122506726118,0.9896014081554986,0.6984923307178706,0.6076787928505021
241,390,90.627655,403,1792.0469,1.3061328,3,92.649788,0.745645263000854,0.7965938461973735,541.1614579311953,0.9688714772258705,0.7224344274501101,0.7717970565142872
242,548,68.15831,403,2382.8203,2.4494469,3,46.226871,0.5609322314919774,0.8110912311644394,430.07336608202917,0.9890604297851143,0.5547958739597784,0.8022182416904379
243,285,63.496822,403,2557.75,0.85587811,2,73.696129,0.5225989149668393,0.7206870335278683,359.3591348662543,0.9779330027334093,0.5110667261387428,0.7047836347289416
244,31,60.450146,403,2686.6602,2.3404386,3,31.83087,0.497542446080158,0.4388579502787637,211.36439258075268,0.9937652934474376,0.4944404149314041,0.43612179974051657
245,3345,79.515572,403,2042.4805,2.0137033,4,45.952202,0.6543092842344874,1.0645556643677254,645.3340457906878,0.9891581529299782,0.6472153630383217,1.0530139146571251
246,24118,102.44807,403,1585.2812,2.5585318,4,98.52198,0.8427760453449376,1.3690905029364133,1033.782641641137,0.9658599076874788,0.8140035933580798,1.322349626781968
247,691,75.92421,403,2139.0938,1.5085654,3,87.611649,0.6247846650092428,0.8526700132491248,496.6225352747941,0.971380365276233,0.6069035561156672,0.8282669089300253
248,964,82.319511,403,1972.9102,2.5362246,3,61.705273,0.6773586832385426,0.9055637517417703,565.7954858552596,0.9831049424895876,0.6659146693300503,0.8902642000767482
249,766,82.114334,403,1977.8398,3.9698901,4,204.39082,0.675672128919909,0.8750158271260098,545.5503691734589,0.8978462308181205,0.6066496742195955,0.7856296622912881
250,44,80.787155,403,2010.332,2.9179146,3,108.18423,0.6647623615717321,0.50037979653843,309.305045937581,0.9607071106021849,0.6386419276226637,0.48071842853614427
251,22,70.340469,403,2308.8984,2.394839,3,37.677135,0.5788755457991432,0.40479800482035305,223.54579693392094,0.9919607416550011,0.5742218157368617,0.40154372908206215
252,24290,100.43021,403,1617.1328,1.9880168,4,60.613094,0.8261969448005542,1.3663736518666882,1014.134454274759,0.9835527721596498,0.8126082954084182,1.3439005930993855
253,3095,90.341324,403,1797.7266,2.8651936,4,65.775246,0.7432921048043446,1.0722951765733109,726.1806530812535,0.9814012364717912,0.729467790714704,1.052351812151785
254,23445,100.26189,403,1619.8477,2.1003966,4,89.157524,0.824813928327775,1.3612743449156552,1008.885050949799,0.9706180372988101,0.8005792762502264,1.3212774328872567
255,20648,100.03899,403,1623.457,2.0273929,4,30.364313,0.8229824428369171,1.3436851650924764,993.934443837549,0.9941934883058338,0.8182037856584911,1.3358830414680891
256,20088,99.752884,403,1628.1133,2.0188766,4,57.643528,0.8206316533865264,1.339448895635514,988.3493260234341,0.9847499194588252,0.8081169545777445,1.3190221920962848
257,2940,89.983521,403,1804.875,2.1233101,4,52.569981,0.7403514756617734,1.0648804726668575,718.6844258873981,0.9867241461750155,0.7305226776917761,1.0507432751706518
258,4600,83.337585,403,1948.8086,2.2940626,4,135.73991,0.6857272274616621,1.1131810091790444,702.8897154866698,0.9447486890963533,0.6478398992220822,1.051676299148858
259,4311,79.892204,403,2032.8516,1.2595586,3,58.308891,0.6574054700531315,1.0985063897142873,668.6489330755447,0.9844843130453068,0.6472053725774842,1.0814623084537502
260,11901,99.454857,403,1632.9922,2.0203919,4,46.185299,0.8181828467355177,1.2681696904226698,933.3386553939945,0.9890752392497478,0.8092443948849719,1.2543152399640807
261,2961,81.187378,403,2000.4219,2.9821262,4,87.219841,0.6680523083503865,1.051430751693178,649.008453130808,0.9715725168272917,0.6490612625962671,1.0215412216921522
262,6,73.100357,403,2221.7266,2.2840042,3,108.59939,0.6015679142329667,0.2524733175690894,152.0079190574264,0.9604803469687759,0.5777941589877628,0.24249565965911696
263,224,76.711205,403,2117.1484,2.1054132,3,61.664967,0.6312547873411635,0.7071327490476019,415.8157715388512,0.9831215404546687,0.6206001789502289,0.695197437549623
264,30515,126.5657,403,1283.1992,1.4204736,4,42.324574,1.0408678845943624,1.4422911037151538,1306.9223775969388,0.9904209993322795,1.0308974104328241,1.4284753962696188
265,0,63.184559,403,2570.3906,2.0433998,2,86.684723,0.5200308897825885,0.0,43.79619892577352,0.9718342528049769,0.5053838312073692,0.0
266,5537,99.736374,403,1628.3828,3.1833334,4,106.50177,0.8204960041202389,1.1652257866441151,859.6845832380922,0.9616216171479449,0.7890066943455311,1.1205063052952002
267,2720,89.735893,403,1809.8555,2.194067,4,164.28165,0.7383163682679811,1.0541269781987472,709.7321419565857,0.9264114520352309,0.6839847387885186,0.9765553045026116
268,790,74.930664,403,2167.457,2.9860263,4,90.515564,0.616616311172043,0.8686144230164287,500.12931699741904,0.9699428479555025,0.5980825809540277,0.8425063472357803
269,2896,95.715714,403,1696.7852,2.2170124,4,45.372906,0.7874583393982751,1.071679940142821,763.0242434496711,0.9893632970023859,0.7790823789191013,1.060280798911021
270,27062,126.37411,403,1285.1445,2.0398524,4,144.48766,1.0392947898129283,1.4252174963632467,1289.769075105309,0.9393154606836227,0.9762256642792196,1.3387288291708024
271,0,75.299515,403,2156.8398,2.2851543,2,73.382797,0.6196488375776501,0.0,52.19364651978131,0.9780739182869717,0.6060623665315396,0.0
272,2559,94.944138,403,1710.5742,2.4805243,4,53.178715,0.7811180225571346,1.053909178852822,745.1361296612537,0.9864921173592165,0.7705667719798319,1.0396730973508337
273,1876,91.668694,403,1771.6953,1.9540946,3,105.27242,0.7542008892882373,1.0074913961368146,690.995192441718,0.9622852806268094,0.7257564143977205,0.9694941408606106
274,1713,89.544365,403,1813.7266,1.6516466,3,77.404625,0.7367422896081199,0.9922440897364594,666.8519618084772,0.9762425114422679,0.7192391430927577,0.9686708621280682
275,0,59.887566,403,2711.8984,0.16822414,1,185.14308,0.49291549476810437,0.0,41.51089752349764,0.911942616331388,0.44951064592910567,0.0
276,694,61.41288,403,2644.543,1.3881367,3,166.19417,0.5054603581299706,0.8302994867060675,401.96877324815847,0.9251213021611646,0.467612144704047,0.7681277423252637
277,10637,99.186508,403,1637.4102,2.0264609,4,88.341423,0.8159779490126186,1.2525410670214405,919.6852503071352,0.9710213192526499,0.7923319845313044,1.2162440793172808
278,0,75.576553,403,2148.9336,1.8590848,2,66.647331,0.621926484660599,0.0,52.385674628389275,0.9810291353173766,0.6101280014775631,0.0
279,9104,99.049698,403,1639.6719,3.4025629,5,150.36966,0.8148537917877298,1.2312913593533221,903.0052739743504,0.9355677934730434,0.7623509639859891,1.1519565401926117
280,1156,79.953354,403,2031.2969,3.7970724,4,85.717979,0.6579081355931673,0.9259219210920462,564.026910791882,0.9723050541528039,0.6396874054054847,0.9002785636286702
281,2288,81.187378,403,2000.4219,1.9690847,3,62.7272,0.6680523083503865,1.017527972404441,628.0904885715481,0.9826823023855146,0.6564831804837156,0.9999067306640604
282,1658,68.36306,403,2375.6836,2.2654686,2,50.575787,0.5626158890890137,0.9536508626971906,506.88289076214323,0.987474810276398,0.5555690183366608,0.9417062047118316
283,1035,57.134953,403,2842.5508,2.9027324,3,53.271935,0.4702755080297272,0.8729630989899282,396.7500962700953,0.9864564668749696,0.46390631610883604,0.8611400943418289
284,8897,75.848442,403,2141.2305,1.4369462,3,66.401283,0.6241617840854573,1.1855210354074703,689.7425363250952,0.9811343677527821,0.6123865774041336,1.163155431532132
285,9501,81.77887,403,1985.9531,2.4174566,3,175.32358,0.6729145534602234,1.2059011187427682,749.0423411115579,0.918860806158378,0.6183148090681658,1.1080552741152698
286,3825,95.323341,403,1703.7695,2.2957773,4,57.396938,0.7842340788637425,1.1084626005754836,786.4019764944757,0.9848479668651614,0.7723513381153295,1.0916671385228345
287,3172,89.307404,403,1818.5391,1.2153049,3,57.662926,0.7347947498553405,1.0739261219874328,720.0630841524711,0.9847421976205646,0.7235833967726011,1.057540369448035
288,0,53.697178,403,3024.5352,1.7722719,2,101.94843,0.441998022222364,0.0,37.22004753472552,0.9640602888563814,0.4261127409776415,0.0
289,1334,56.750553,403,2861.8047,1.1117598,4,18.111439,0.46711375694940604,0.9040773386787522,408.4584365267323,0.9973407943055098,0.4658716053869515,0.9016732110714781
290,264,68.498329,403,2370.9922,2.0269303,3,43.381519,0.5637281793789153,0.717896828093801,382.4601671292144,0.990058451741609,0.5581238484790049,0.7107598221327606
291,10,60.031193,403,2705.4102,1.2518144,2,114.32866,0.49409674698956474,0.3033729438168162,149.17191068040685,0.9573069527369532,0.4730022512178216,0.29042102838811523
292,24,62.164917,403,2612.5508,2.3383329,3,46.803478,0.5116452786407389,0.4090458444960171,202.53930086409278,0.9888543331721008,0.5059426508309416,0.40448675579592785
293,482,68.265968,403,2379.0625,1.9838789,3,45.314625,0.5618174964270644,0.7947836436499698,422.0260104152006,0.9893838634370475,0.5558531651615386,0.7863461119509808
294,750,77.85025,403,2086.1719,1.0088329,2,127.35931,0.6406189895507965,0.8661633448705504,515.5816785035761,0.9497920812060555,0.6084548433455714,0.8226750859889984
295,1026,80.576729,403,2015.582,2.6078267,4,83.608307,0.6630325669967152,0.9112036814371234,558.8294649431687,0.9733232259682306,0.6453449970312398,0.8868957067305089
296,1384,57.05991,403,2846.2891,2.4875417,3,114.54099,0.4696582845422422,0.909316747666429,412.7814988005802,0.9571877822701526,0.44955117180579307,0.8703868810799371
297,2039,65.245377,403,2489.2031,2.8255453,3,65.89875,0.5369785275983185,0.9743997854870049,497.24775158810473,0.9813486892533999,0.5269631742158305,0.9562259522964663
298,2013,88.971809,403,1825.3984,2.0901146,4,108.22389,0.7320366333834848,1.0128717725024514,676.9308405350823,0.9606854667969517,0.703256954854482,0.9730511915719734
299,29,60.755875,403,2673.1406,2.9497972,3,209.58467,0.5000569213395238,0.4309605857379734,208.634897347299,0.8939244346482454,0.447013100700376,0.3852461979614946
300,334,68.851562,403,2358.8281,1.9598663,3,43.413548,0.5666327728759103,0.7485499416118753,400.51718969109845,0.9900473953967274,0.5609933009322203,0.7410999200172095
301,0,52.040745,403,3120.8047,1.9556545,2,139.36125,0.42837215295159725,0.0,36.07189567098907,0.9425200939344297,0.4037493618388333,0.0
302,5888,74.501678,403,2179.9375,2.2150366,4,25.682419,0.6130893174467036,1.1290790421137222,646.7499068470219,0.9954903950897235,0.6103245268503078,1.123987341721316
303,266,74.84919,403,2169.8164,2.3639545,3,49.431198,0.6159464366262115,0.7271484910728838,418.48084679178334,0.9878990375609774,0.608492891932148,0.7183492944948189
304,17,70.277214,403,2310.9766,1.2261189,2,111.64242,0.5783554284926042,0.37310896933523363,206.92696824882145,0.9588050072762095,0.5545300808240867,0.3577387480582877
305,26,65.12468,403,2493.8164,1.9942055,3,43.767719,0.5359859693951714,0.4213131825133701,217.0087524197169,0.9899248635892353,0.530585837639259,0.4170683947278945
306,4359,70.028641,403,2319.1797,1.523279,3,50.521767,0.5763115077158252,1.0812831648170638,586.8719914084173,0.9874949414611983,0.5691046985752537,1.0677616555440057
307,4992,74.522911,403,2179.3164,1.2780399,3,81.817818,0.6132638862415222,1.1076528025578105,634.6365489810584,0.9741773241233586,0.5974277716802578,1.0790502432535067
308,0,85.239212,403,1905.332,1.2124033,2,9.5645828,0.7013580082473144,0.0,59.08331947095145,0.9989927338173438,0.7006515540436717,0.0
309,675,75.882912,403,2140.2578,2.1856098,3,52.256119,0.6244451870294822,0.8495597351262988,494.5798756473302,0.9868432551341827,0.6162295210210477,0.8383822944429707
310,0,70.804535,403,2293.7656,0.38581178,1,6.9272022,0.5826912697822315,0.0,49.07796380610797,0.999385721556499,0.5823333350959881,0.0
311,234,61.502907,403,2640.6719,3.6761954,4,85.482628,0.5062007783056106,0.6928474746933497,336.04153936813225,0.9724192684116858,0.4922393905093678,0.6737382344621912
312,3730,69.254341,403,2345.1094,2.0859551,4,68.637497,0.5699447041481607,1.0596629271283615,569.5961480870295,0.9801708256537565,0.5586431712418886,1.0386506861980824
313,1421,69.167702,403,2348.0469,1.9742874,4,60.493073,0.5692322874859931,0.9352284864907984,502.1936634289447,0.9836017397575428,0.5598978682973885,0.919892366383163
314,0,69.065895,403,2351.5078,1.0318331,2,47.815521,0.5683952152554442,0.0,47.87283039209922,0.9884895128042708,0.5618527094081327,0.0
315,1352,59.201195,403,2743.3398,3.8626189,4,90.40155,0.48727030897463647,0.9105907401503126,426.88906937360736,0.9699997297698327,0.4726520680302603,0.8832727718767152
316,0,52.358528,403,3101.8633,1.0250987,2,73.896667,0.4309863042571388,0.0,36.292166061468954,0.9778426564984946,0.42143679266926903,0.0
317,0,51.835007,403,3133.1914,1.1017987,2,27.510868,0.42667971486090667,0.0,35.92928895635502,0.9949969295648882,0.42454500619422414,0.0
318,10158,100.73657,403,1612.2148,3.369288,5,64.035194,0.8287141045828392,1.2489287251721093,929.4171243538218,0.9821362988843971,0.8139102035082869,1.2266182357109439
319,15819,121.26225,403,1339.3203,3.3530998,5,290.18991,0.9973177715914437,1.3425190503996476,1172.4960272617168,0.8271178982097509,0.8248993790859473,1.110421535273107
320,3343,105.22099,403,1543.5039,3.6073425,4,85.338554,0.8655575521914677,1.1050104698924628,853.8916900227612,0.9724891088797334,0.8417452926148037,1.0746106471684966
321,1616,89.708405,403,1810.4102,1.6091638,3,53.637012,0.7380904017127948,0.9847211617049328,662.8505690483242,0.9863165479264661,0.7279907770750224,0.9712467768829487
322,2244,94.344345,403,1721.4492,2.2523978,3,80.515236,0.7761891517233968,1.035396451840496,728.0464547612079,0.9747928337612626,0.7566236227432005,1.0092970413559537
323,0,72.741737,403,2232.6797,2.3023853,2,56.938137,0.5986193782430506,0.0,50.420729910583056,0.9850298302000684,0.5896579445052226,0.0
324,2473,97.34494,403,1668.3867,1.7831473,4,38.538548,0.8008460391754597,1.0528447680269613,760.6529401434061,0.991682174156629,0.7941847412942448,1.0440873886064086
325,0,120.63107,403,1346.3281,2.0846045,3,193.33614,0.9921343125507559,0.0,83.6150860584294,0.906027644771445,0.8989011144972981,0.0
326,6330,99.036484,403,1639.8906,4.24195,6,74.723679,0.8147452531772622,1.1821937099612556,866.9031286820132,0.9774687743179982,0.7963880440045856,1.1555574366822756
327,1367,95.473717,403,1701.0859,3.0316181,5,200.53456,0.7854698183963397,0.9704763617271384,689.4955098040507,0.9007260102752269,0.707493095715742,0.8741333013649033
328,733,84.60334,403,1919.6523,3.5168018,4,128.06247,0.6961314346962595,0.8726500209635186,558.3710878008734,0.9493751344638977,0.6608898744193074,0.8284722309921636
329,2086,86.169159,403,1884.7695,1.9891243,3,69.112526,0.7090015884750982,1.0133010264983893,658.6737725735487,0.9799640926242611,0.6947960983191593,0.9929986209877264
330,1654,79.287964,403,2048.3438,1.4611636,3,151.7981,0.6524381777272508,0.9718480155570672,587.6951017993633,0.9346464339376466,0.6097990161775514,0.9083342820697914
331,308,76.250877,403,2129.9297,1.9685049,3,89.534859,0.6274703019458694,0.7479651623545536,437.4186686566933,0.9704309474372912,0.6089165996060932,0.7258485411538167
332,343,81.6791,403,1988.3789,2.8186126,3,136.38794,0.6720944301541615,0.7688512020214395,477.2954487931462,0.9443520483648831,0.6346937518107112,0.726066207516749
333,5180,95.894753,403,1693.6172,4.4418135,6,125.58907,0.7889295842165124,1.1501214233762167,820.1826787220482,0.9508366617045225,0.7501431721763656,1.0935776147578957
334,329,72.708153,403,2233.7109,2.0875034,4,112.41083,0.5983432708524017,0.7518827712855607,421.86131056102687,0.9583783054551143,0.5734392099999952,0.7205881362455508
335,0,95.262405,403,1704.8594,2.1700702,3,189.16879,0.7837333131166907,0.0,66.03086743910964,0.9090522761295508,0.7124545521672816,0.0
336,0,64.099258,403,2533.7109,2.0562644,2,44.967327,0.527553268231945,0.0,44.430219958684525,0.9895061438663417,0.5220172001322778,0.0
337,261,73.550377,403,2208.1328,3.3286266,4,115.37787,0.6052679606340248,0.7230432849318914,409.8340297687447,0.9567170055796609,0.5790701508710923,0.6917478064645207
338,1078,76.919968,403,2111.4023,3.1613741,5,123.86804,0.6329710971670499,0.9121354308320926,537.2641558325747,0.9518451620020367,0.6024904765255775,0.8682116969281707
339,1340,74.401024,403,2182.8867,1.2475579,3,84.083893,0.6122617582808146,0.9364603206820742,535.8299487866623,0.9730948093245145,0.5957887389309613,0.9112646771940968
340,2004,77.25499,403,2102.2461,2.4757719,4,63.094963,0.6357253424807902,0.9936242661734476,587.4390615191783,0.9825293562963182,0.6246188115289072,0.976265010643799
341,0,63.044582,403,2576.0977,2.0617712,2,3.2516897,0.518879704437255,0.0,43.69917426288028,0.999811019267009,0.5187816461703763,0.0
342,693,96.337814,403,1685.8281,2.9049795,3,112.9154,0.7925703882915368,0.8803359407738256,630.4261622104176,0.9580973191214519,0.7593595642371695,0.8434475047816635
343,346,81.80912,403,1985.2188,1.1524289,2,72.065498,0.67316320305865,0.7701552417165828,478.7635349321675,0.9786630473474144,0.6587999516675247,0.7537224757889355
344,57,79.649925,403,2039.0352,2.1807566,3,53.806973,0.6554137687514486,0.5327475260132286,324.7755515917823,0.9862512455378867,0.6464026457737967,0.5254229110877744
345,42,71.698189,403,2265.1758,2.0125592,3,120.08047,0.5900391899853408,0.4867776593326249,271.3195435845123,0.9540399320835027,0.5629209487402195,0.46440532504946386
346,80,69.093102,403,2350.582,1.9419,2,99.600754,0.5686188930232259,0.5660255702209644,304.4739024365923,0.9652966476943666,0.5488859112510016,0.5463825854435893
347,349,79.835144,403,2034.3047,2.0205319,3,149.24503,0.6569363477805492,0.7688198852707271,467.89671210361354,0.9362901178956484,0.6150830105133871,0.719838461020648
348,25791,126.38909,403,1284.9922,1.9049873,4,89.745941,1.0394177778127691,1.4185235052071539,1283.842481580816,0.9703261164485487,1.0085742157126447,1.3764304038986404
349,24832,126.3745,403,1285.1406,2.0660288,4,56.736492,1.0392979388470591,1.4132093561393495,1278.906017458961,0.9851095280609636,1.0238223020523587,1.3921660018777728
350,0,97.591255,403,1664.1758,1.9985149,2,148.61353,0.8028700048256413,0.0,67.64510325055667,0.9366945244304877,0.7520439373496575,0.0
351,1177,97.358383,403,1668.1562,3.9453011,4,114.89,0.8009565647730236,0.9528790099540694,688.5595601301053,0.956991659566388,0.766508752162729,0.9118972651019216
352,280,79.917854,403,2032.1992,1.9821713,3,140.04543,0.6576163104313318,0.7401019150065774,450.88910557679986,0.9420957561393646,0.6195375352253847,0.6972468732383132
353,72,69.784508,403,2327.293,1.8630443,2,96.373535,0.5743041225755483,0.5533399753888117,300.3570649292272,0.9669724804907006,0.5553362819629133,0.5350645285563825
354,83,71.973976,403,2256.4961,1.8972342,3,57.022755,0.5923067888345555,0.5737246968154529,319.7552749110039,0.9849963436941156,0.5834200213472397,0.5651167286502361
355,23527,126.36374,403,1285.25,2.0328431,4,212.72191,1.0392096116421572,1.405654276224472,1271.9760145492473,0.8915318052797037,0.9264884211313521,1.2531854944815386
356,0,72.996529,403,2224.8867,0.62363529,2,76.872147,0.6007142494435693,0.0,50.597338267012276,0.9764877873055275,0.5865901282420517,0.0
357,5,64.341103,403,2524.1875,3.581738,4,28.221758,0.5295420757906398,0.22869061380640096,125.20200532911326,0.9948005091571969,0.5267887266166874,0.22750153905407955
358,1022,72.747467,403,2232.5039,3.591783,4,165.13139,0.5986664747313114,0.8986378788948806,504.24701643927665,0.9258391562628685,0.5542688638481033,0.8319941355818901
359,0,73.607277,403,2206.4258,1.1417842,2,0.82422006,0.6057358017581423,0.0,51.02067652124491,0.999981654433161,0.6057246891915045,0.0
360,0,89.16758,403,1821.3906,0.21162333,1,99.301483,0.7336456448697097,0.0,61.806256674353364,0.9654532137978727,0.708300545628274,0.0
361,670,93.510223,403,1736.8047,2.1671152,4,66.079498,0.7693345736794747,0.8723104719163268,608.7757092099296,0.9812716974150176,0.754926242994517,0.8559735774502291
362,3330,74.106621,403,2191.5586,1.3601203,3,87.66703,0.6098412746239681,1.0542378390430662,601.1031101462567,0.971353170386611,0.5923712555386033,1.024037267296012
363,2686,70.236496,403,2312.3164,1.5370016,3,78.324242,0.5780206079801218,1.0192168815231686,554.6261922427407,0.9758169144108436,0.5640422861450423,0.9945690724433808
364,2037,69.23381,403,2345.8047,1.4508734,3,84.07103,0.5697759155973948,0.9817129851063489,527.5765015851455,0.9731009957630985,0.5544495108296561,0.955305883360552
365,1362,64.900421,403,2502.4336,1.3837962,3,123.58935,0.5341417606705032,0.9222135479412286,468.4627156648301,0.9520078140863516,0.5085071299881609,0.8779545038963478
366,3650,74.316177,403,2185.3789,2.8995667,4,262.60657,0.6115641750893578,1.0665512456431854,609.6178473796342,0.8511859771568464,0.5205548499675557,0.9078334642106465
367,64,64.557892,403,2515.7109,2.6514118,3,76.948341,0.5313249319397103,0.5330250828406035,270.4752783530298,0.9764527420288915,0.5188136867008443,0.5204738037098843
368,298,69.311722,403,2343.168,1.5602267,3,187.25262,0.5704165213692012,0.7345422578723576,395.3389852318427,0.9104319093183042,0.5193254026568671,0.6687507103097087
369,0,56.239758,403,2887.7969,1.9729842,2,78.279945,0.4629123149057177,0.0,38.98242969307363,0.9758374726725324,0.451727183446587,0.0
370,3737,69.311142,403,2343.1875,1.985307,3,180.75792,0.5704117784127567,1.0600162645449278,570.1932022975722,0.9150554202376665,0.5219583896039998,0.9699736284119204
371,4372,82.525063,403,1967.9961,2.1055818,3,96.817741,0.6790483354694797,1.1050460459942337,691.8433530883515,0.9667434569453774,0.6564655352647693,1.0682960345882861
372,675,72.598206,403,2237.0938,1.8298504,3,155.51108,0.5974392732391858,0.8446930851445301,473.17124171116757,0.9322312211652292,0.5569515432638332,0.7874492662741102
373,0,64.23275,403,2528.4453,0.72887194,1,60.212059,0.5286510530721082,0.0,44.52274956211182,0.9837162006406376,0.5200426053927664,0.0
374,668,76.198891,403,2131.3828,3.432102,4,66.476089,0.6270429163422369,0.8486617652699938,495.84734511275485,0.9811023945696861,0.6151933067213279,0.8326240900861278
375,1609,74.937691,403,2167.2539,2.9861605,4,55.895214,0.616674042898513,0.9611316471091823,553.3856510499077,0.9854404992257665,0.6076955766934824,0.9471380501489558
376,8569,84.252396,403,1927.6484,1.8250687,3,36.649952,0.693246796974188,1.196998205605889,763.0014674689303,0.9922887551692348,0.6879010011945762,1.1877678593804752
377,9140,99.447243,403,1633.1172,2.7897878,3,68.082413,0.8181202990136529,1.23248987131425,907.0219513475754,0.980411491390539,0.8020945424928492,1.2083472328589373
378,4253,81.335396,403,1996.7812,1.6100374,3,87.035728,0.669269138906433,1.0993083138672526,679.6263720019592,0.9716626609033586,0.6503038323703243,1.0681568414054392
379,3600,77.61438,403,2092.5117,0.52112615,3,40.50732,0.6386799236243783,1.070795692336359,635.603136533386,0.9910337509307459,0.6329533603536299,1.0611946714565867
380,14971,124.58223,403,1303.6289,1.8600805,4,258.08167,1.024581006583392,1.3398831220371643,1197.7340398754006,0.8550181503890287,0.8760353571726611,1.1456243887416935
381,14,9.9120455,9,8.171875,2.0395529,3,67.376137,1.3730615216209632,1.1220895035126695,27.48202556762757,0.9807162892928484,1.3465838004549031,1.1004514541393997
382,0,5.3101153,9,15.253906,1.0105534,1,97.11087,0.8094752669475673,0.0,3.680691448643228,0.9665920369483714,0.7824323471381758,0.0
383,9950,89.590874,403,1812.7852,0.77597165,3,69.59388,0.7371244666235799,1.226691512439637,824.7313721661493,0.9797538791533961,0.7222005555933304,1.2018557678372808
384,9333,86.882034,403,1869.3047,1.1164829,3,256.42953,0.7148609056485387,1.213206293097776,794.2343776071775,0.8564090345500771,0.6122133380440588,1.0390008301819442
385,13801,104.15163,403,1559.3516,2.4789743,3,67.943794,0.8567721534255108,1.2962519675833695,992.8401232286949,0.9804714389050427,0.8400406260828827,1.270938031839959
386,13210,95.995934,403,1691.832,0.96847272,3,103.45235,0.7897610699209643,1.2761765432184222,910.8939737157474,0.9632607304851409,0.7607458251207945,1.2292907492485794
387,10704,95.039635,403,1708.8555,3.1188912,4,24.157433,0.7819027221097088,1.246212360873662,881.8309187507462,0.9958886929111794,0.778688079905531,1.2410887991602262
388,3990,76.696625,403,2117.5508,2.0033469,3,51.636417,0.6311349426427367,1.082560434034306,635.9720681302085,0.9870773754267373,0.6229790227238969,1.0685709119674125
389,3335,72.26609,403,2247.375,0.57549775,2,43.668133,0.5947085624168343,1.0510018339454767,586.28232073392,0.9899593676436315,0.5887373123824224,1.0404491109249612
390,2676,69.329865,403,2342.5547,0.54354739,2,95.792419,0.5705657336919316,1.017032232404224,547.2085282035439,0.9672712944285163,0.5518918557847509,0.9837460839131574
391,2013,66.024742,403,2459.8203,0.63141572,2,58.145115,0.5433875789335099,0.9742370657126936,502.34096171037686,0.9845498325887261,0.5349921498697803,0.9591849399491642
392,1346,62.666576,403,2591.6367,0.57419634,2,56.838432,0.5157709915912151,0.9166073296104721,451.59899022072005,0.9850692551754111,0.5080701465278414,0.9029216994677103
393,675,60.413956,403,2688.2695,0.49312291,2,139.75882,0.4972448197425451,0.8250676435645311,393.7583055041862,0.9422736421992,0.4685406873634926,0.777439493562262
394,0,58.242016,403,2788.5195,0.25048998,1,41.456917,0.47938119500199405,0.0,40.37028918052722,0.9907152445155849,0.4749302578225738,0.0
395,30,9.8135357,9,8.2539062,2.854455,4,47.002014,1.3620770360897427,1.41858368231713,34.011123008896845,0.9887830742280447,1.346798719080239,1.4026715344512717
396,0,6.5105181,9,12.441406,1.3266639,2,16.87203,0.9671226032450189,0.0,4.512747264999492,0.997611591240087,0.9648127191475186,0.0
397,1274,84.507042,403,1921.8398,3.8269334,4,21.325209,0.6953398991882623,0.9455350444830275,604.350882460587,0.9965950162262779,0.6929722781143047,0.9423155129990771
398,84,72.767838,403,2231.8789,3.0541751,4,20.706539,0.5988339710744243,0.5760742327829916,324.1332224495132,0.9967433126120571,0.5968837560333544,0.5741981390945684
399,0,119.46093,403,1359.5156,1.4955997,2,131.94128,0.9825246016912086,0.0,82.80400681656899,0.9470546049222861,0.930504448481094,0.0
400,24,7.8664641,9,10.296875,2.239295,3,91.850967,1.1357853247461842,1.243996016517123,25.629699450680274,0.9692739456219905,1.1008871230962878,1.2057729272675908
401,14,6.3685503,9,12.71875,0.83523595,2,123.61978,0.9488992044323217,0.9830103295287287,17.657370738796775,0.9519900631219043,0.9033426135238507,0.9358160656575384
402,0,5.3457079,9,15.152344,0.34858686,1,67.271194,0.8142683102226865,0.0,3.705362358982026,0.9807614419979384,0.7986029621072267,0.0
403,14,7.8308158,9,10.34375,1.2488381,3,50.708664,1.1314722159180342,1.045156278728435,21.71163157301709,0.9874252462026499,1.1172442313743227,1.0320136958436703
404,0,6.8526106,9,11.820312,0.21160236,1,22.88763,1.0105857353465129,0.0,4.749867716865195,0.9962108443403689,1.006756468687882,0.0
405,0,69.412506,403,2339.7656,0.47646463,1,71.979111,0.5712452914101935,0.0,48.11308282950028,0.9787014945785115,0.5590786204740937,0.0
406,675,75.586037,403,2148.6641,1.2558594,3,38.365601,0.6220044183498329,0.8491263714866941,492.64494198818437,0.9917383559934718,0.616865639274939,0.842111191688916
407,0,64.656883,403,2511.8594,1.0402945,2,21.891777,0.5321389782524698,0.0,44.81673615524425,0.9964572912670572,0.5302537648470755,0.0
408,2660,59.356625,403,2736.1562,4.0346909,5,106.3493,0.48854867103139216,0.9963428372830058,468.1357887566007,0.96170413740854,0.4698392782563336,0.9581870288924303
409,0,51.776974,403,3136.7031,2.0367007,3,149.52586,0.4262023294227373,0.0,35.8890635460256,0.9361100014992715,0.3989722632349116,0.0
410,0,51.727375,403,3139.7109,1.9896663,3,43.631687,0.42579429335346125,0.0,35.854684139017,0.9899719854041372,0.42152442196487766,0.0
411,671,59.156132,403,2745.4297,2.9812887,4,99.203102,0.48689965482515046,0.8221284367244209,385.20966627084704,0.9655046310723746,0.47010387160122347,0.7937688129937202
412,0,51.797424,403,3135.4648,0.97095507,1,155.88603,0.4263705436906788,0.0,35.903238405868045,0.9319857041910451,0.39737125140787605,0.0

metric,value
avg_nain_raw,0.651056
avg_nach_raw,0.79289
avg_segment_length,93.7277
nain_nach_pearson_r_raw,0.435222
nain_nach_p_value_raw,3.2390e-20
avg_nain_adjusted,0.626287
avg_nach_adjusted,0.761472
nain_nach_pearson_r_adjusted,0.41865
nain_nach_p_value_adjusted,1.1787e-18
